time,speed_vx,speed_vy,speed_vz,angle_phi,angle_theta,angle_psi,product_gps_longitude,product_gps_latitude,altitude
1,0.0,0.0,0.0,-0.0578935295343399,0.2194215357303619,0.0309370718896389,-0.086099912851996,0.0370649372635201,0.0
2,-0.041994072496891,-0.0023940114770084,-0.0503472276031971,-0.0491209030151367,0.1924838423728943,0.0116850156337022,-0.086099912851996,0.0370649372635201,0.0015091503737494
3,-0.1667117811739444,0.0106123535661027,-0.2823550794273615,-0.0334702264517545,0.1191735379397869,0.0203487975522875,-0.086099912851996,0.0277987155026249,0.0272990418015979
4,-0.2914294898509979,0.0236187186092137,-0.5143629312515259,-0.0178195498883724,0.0458632335066795,0.0290125794708728,-0.086099912851996,0.0185324937417297,0.0530889332294464
5,-0.2448710352182388,0.0073226247914135,-0.691537082195282,-0.0179512472823262,-0.0074960049241781,0.0304868202656507,-0.086099912851996,-0.0185324937417297,0.1280002519488334
6,-0.1983125805854797,-0.0089734690263866,-0.8687112331390381,-0.01808294467628,-0.0608552433550357,0.0319610610604286,-0.086099912851996,-0.0555974819325122,0.2029115706682205
7,-0.1983125805854797,-0.0089734690263867,-0.8687112331390381,-0.01808294467628,-0.0608552433550357,0.0319610610604286,-0.086099912851996,-0.0555974819325122,0.2029115706682205
8,-0.1023050555498293,0.0557676511954995,-0.9742101560724844,-0.0257498779619979,0.0065248803521441,0.0313507404805409,-0.1855552257511772,-0.1656914061648473,0.3874069931778577
9,-0.1013449802994728,0.0564150623977184,-0.9752651453018188,-0.0258265472948551,0.0071986815892159,0.0313446372747421,-0.186549779778382,-0.166792345357658,0.3892519474029541
10,-0.1380438655614853,0.0669310763478279,-0.9757099151611328,-0.0638604611158371,0.0279327388852834,0.0343430303037166,-0.2008997689049871,-0.2594548154809528,0.5873768329620361
11,-0.1380438655614853,0.0669310763478279,-0.9757099151611328,-0.0638604611158371,0.0279327388852834,0.0343430303037166,-0.2008997689049871,-0.2594548154809528,0.5873768329620361
12,-0.1625392735004425,0.0522425509989261,-0.6659552454948425,-0.0830417051911354,0.0057364939711987,0.0334779806435108,-0.186549779778382,-0.3150522974134651,0.7521454691886902
13,-0.1625392735004425,0.0522425509989261,-0.6659552454948425,-0.0830417051911354,0.0057364939711987,0.0334779806435108,-0.186549779778382,-0.3150522974134651,0.7521454691886902
14,-0.1239747554063797,-0.0313940644264221,-0.3999882936477661,-0.0851110145449638,-0.0171636585146188,0.0338167697191238,-0.1721997972240673,-0.3521172856042476,0.8568743467330933
15,-0.120247074864178,-0.0360161277039028,-0.3884420087125814,-0.0834070296488075,-0.0168085542255054,0.0338685216608448,-0.1721997972240673,-0.3557544972462301,0.8611548091763648
16,-0.0669944956898689,-0.102045603096485,-0.2234950810670852,-0.0590643882751464,-0.0117356358096003,0.0346078351140022,-0.1721997972240673,-0.4077146670968812,0.9223042726516724
17,-0.065431149345692,-0.10564129388778,-0.2129415874935198,-0.0576721362630339,-0.0099751397915114,0.0372582325172201,-0.1750803093994821,-0.4103936419792564,0.924438194693806
18,-0.0430976301431655,-0.1570083051919937,-0.0621773935854435,-0.037782821804285,0.0151748033240437,0.0751210525631904,-0.2162304971044921,-0.4486647108180586,0.9549227952957152
19,-0.0430976301431655,-0.1570083051919937,-0.0621773935854435,-0.037782821804285,0.0151748033240437,0.0751210525631904,-0.2162304971044921,-0.4486647108180586,0.9549227952957152
20,-0.0913316458463668,-0.0934939160943031,0.0194156114012001,-0.0175733231008052,0.0006092362455092,0.0778164565563201,-0.2409871383937433,-0.4672957070804839,0.9797623753547668
21,-0.0690266303718089,-0.0715585201978683,0.0267137857154011,-0.0315851233899592,-0.0204556722019333,0.0786773264408111,-0.2444096804984823,-0.4794798409998302,0.9790809750556946
22,-0.0467216148972511,-0.0496231243014335,0.034011960029602,-0.0455969236791133,-0.0415205806493759,0.0795381963253021,-0.2478322247939848,-0.4916639763338226,0.9783995747566224
23,-0.0467216148972511,-0.0496231243014335,0.034011960029602,-0.0455969236791133,-0.0415205806493759,0.0795381963253021,-0.2478322247939848,-0.4916639763338226,0.9783995747566224
24,0.0266400221735239,-0.0416285954415798,0.0805911496281623,-0.0312662310898304,0.0019105802057309,0.0728722885251045,-0.2590602204625595,-0.4806776898217402,0.9872962832450868
25,0.0323599679395555,-0.037072978913784,0.1022288687527179,-0.0325256306678056,0.0041845125961116,0.0742413997650145,-0.2647979416625896,-0.4717665647638869,0.9929757118225098
26,0.0380799137055873,-0.0325173623859882,0.1238665878772735,-0.0337850302457809,0.0064584449864923,0.0756105110049247,-0.270535665053383,-0.4628554397060336,0.9986551403999328
27,0.0478723457477655,-0.0372598349424124,0.1103716338502949,-0.0374316435142103,0.0101094627684082,0.0759916944530209,-0.2747349883447488,-0.4548013617666768,0.993252962974492
28,0.0576647777899438,-0.0420023074988366,0.0968766798233163,-0.0410782567826397,0.0137604805503242,0.0763728779011171,-0.2789343116361145,-0.446747283119997,0.987850785549051
29,0.0563929227109138,-0.0398820155483279,0.0888357652812941,-0.0385500207607052,0.0189601937229307,0.0761775081483726,-0.2815377930104381,-0.4437032573767485,0.9853923183221084
30,0.0471833460032939,-0.0265728030353784,0.0439177304506301,-0.0230345241725444,0.0489024445414543,0.0749610066413879,-0.2961113320208345,-0.4272185262220729,0.9718840718269348
31,0.0432925795805509,-0.0252604484906262,0.0418404563129922,-0.0233535714203786,0.0499026147283126,0.0749791859884128,-0.2965784619386249,-0.4259492681830679,0.9714265354325838
32,-0.012289797887206,-0.006512526422739,0.0121651114895939,-0.0279113892465829,0.0641907602548599,0.0752388909459114,-0.3032517311431433,-0.4078170117965962,0.9648903012275696
33,-0.012289797887206,-0.006512526422739,0.0121651114895939,-0.0279113892465829,0.0641907602548599,0.0752388909459114,-0.3032517311431433,-0.4078170117965962,0.9648903012275696
34,-0.0673148855566978,0.0097584929317234,0.0009264094987884,-0.0343662910163402,0.0256347712129354,0.0782683417201042,-0.3026689179614655,-0.3969679601102394,0.9634574055671692
35,-0.0582384765148162,0.0116220335476099,0.0039009331376291,-0.035954114049673,0.0236837649717926,0.0783825404942035,-0.2987623704880938,-0.3906126727655223,0.9627836048603058
36,-0.0491620674729347,0.0134855741634964,0.0068754567764699,-0.0375419370830059,0.0217327587306499,0.0784967392683029,-0.2948558208239587,-0.3842573861281284,0.9621098041534424
37,-0.0550233706535391,4.309162367779375e-05,0.0013134063045443,-0.0406730268984587,0.0268085168035172,0.078319270886592,-0.2901115297894845,-0.3769430351631131,0.9625640152698726
38,-0.0608846738341435,-0.0133993909161408,-0.0042486441673812,-0.0438041167139116,0.0318842748763845,0.0781418025048811,-0.2853672365642469,-0.3696286834907747,0.9630182263863027
39,-0.066424690823459,-0.0215548708211237,-0.0054505043780084,-0.0370092141774281,0.0271796779660273,0.0785854649004624,-0.2823697332391661,-0.3632397862748382,0.9636599724017196
40,-0.0719614624977111,-0.0296569466590881,-0.0066083222627639,-0.0301140490919351,0.0223762895911932,0.0790354013442993,-0.2793898743228979,-0.3568602370408458,0.9643036127090454
41,-0.0701079256832599,-0.0217880476266145,-0.0076030646450816,-0.0250546885654329,0.015709661412984,0.077562429010868,-0.2771952923739088,-0.3549681732414322,0.9655663669109344
42,-0.0682543888688087,-0.013919148594141,-0.0085978070273995,-0.0199953280389308,0.009043033234775,0.0760894566774368,-0.2750007082341564,-0.3530761108566649,0.9668291211128236
43,-0.0682543888688087,-0.013919148594141,-0.0085978070273995,-0.0199953280389308,0.009043033234775,0.0760894566774368,-0.2750007082341564,-0.3530761108566649,0.9668291211128236
44,-0.0682578757405281,0.0072780940681695,0.0028759911656379,-0.0303885731846094,0.0197961777448654,0.0749558359384536,-0.2605822555590285,-0.3463546282023166,0.9691564440727234
45,-0.0676146931946277,0.0101749352179467,0.0022131497389636,-0.0378812784329056,0.0176865402609109,0.0752290412783622,-0.2495277530202149,-0.3446952164060102,0.969600260257721
46,-0.0669715106487274,0.0130717763677239,0.0015503083122894,-0.0453739836812019,0.0155769027769565,0.0755022466182708,-0.2384732526721648,-0.3430358053170268,0.9700440764427184
47,-0.0698896437591197,0.0047253225747422,0.0060418406638371,-0.0449901235600312,0.013003070491786,0.0771247164583673,-0.2283237654676606,-0.3460202659683054,0.9709043409310136
48,-0.072807776869512,-0.0036211312182393,0.0105333730153848,-0.0446062634388605,0.0104292382066156,0.0787471862984638,-0.2181742738816295,-0.349004727326907,0.9717646054193086
49,-0.0726145233551994,-0.0048363744516019,0.011833022098143,-0.0441240699914823,0.009470664183883,0.0787988611254371,-0.2157559974584616,-0.3498269027097933,0.9717394844824528
50,-0.070892418695598,-0.0097329582385092,0.0180551764797888,-0.0415305197551971,0.0047172156765179,0.0787253946441562,-0.2045765710155357,-0.3537313318195956,0.9714087538358545
51,-0.048907095257511,-0.0152035637585511,0.0134400033611972,-0.0466782094433379,-0.004705011488954,0.0800459744343206,-0.1987108281718775,-0.3561235961171416,0.970621581053614
52,-0.0267170928418636,-0.0206799674779176,0.0087153622880578,-0.0519040934741497,-0.0141743980348109,0.0813806354999542,-0.192898761223466,-0.3585005857725809,0.969829797744751
53,-0.0267170928418636,-0.0206799674779176,0.0087153622880578,-0.0519040934741497,-0.014174398034811,0.0813806354999542,-0.192898761223466,-0.3585005857725809,0.969829797744751
54,0.0132395010441541,-0.0293098278343677,-0.0949280709028244,-0.0435456670820713,0.0046417429111896,0.0772524401545524,-0.1801683115021232,-0.3474684866513478,0.9716915488243104
55,0.0165293840691446,-0.0222359620966016,-0.3086981996893883,-0.0370453055948019,0.0068712986540048,0.0681532900780439,-0.1757771189571921,-0.34208977341732,1.0027831494808197
56,0.0198192670941352,-0.0151620963588356,-0.5224683284759521,-0.0305449441075325,0.00910085439682,0.0590541400015354,-0.171385922030734,-0.3367110601832923,1.033874750137329
57,0.0463181734085082,-0.0180693701840936,-0.6923117637634277,-0.0426925309002399,-0.0080088535323739,0.0416255109012126,-0.1677696945295309,-0.3320266128540305,1.1026424169540403
58,0.0728170797228813,-0.0209766440093517,-0.8621551990509033,-0.0548401176929473,-0.0251185614615678,0.0241968818008899,-0.1641534670283277,-0.3273421655247688,1.171410083770752
59,0.0866959577394743,-0.0253703313863883,-0.9054682921555084,-0.0521691353139229,-0.0286323964848355,0.0179361101492481,-0.1658189182631761,-0.3238402676190022,1.201444387435913
60,0.163800835609436,-0.0497797057032585,-1.1460965871810913,-0.0373303443193435,-0.0481537021696567,-0.0168459545820951,-0.1750714280444626,-0.3043852823972903,1.3683016300201416
61,0.1653927951165945,-0.0497072620852158,-1.1487165960935082,-0.0372407119721173,-0.0484167681177063,-0.0171569659568295,-0.1751365638233075,-0.30387758781103,1.3707762130416266
62,0.3245887458324432,-0.0424629002809524,-1.410717487335205,-0.0282774772495031,-0.0747233629226684,-0.0482581034302711,-0.1816500847479394,-0.2531081249410594,1.6182345151901243
63,0.3245887458324432,-0.0424629002809524,-1.410717487335205,-0.0282774772495031,-0.0747233629226684,-0.0482581034302711,-0.1816500847479394,-0.2531081249410594,1.6182345151901243
64,0.5174273252487183,-0.0100653376430272,-1.708551049232483,-0.0195431038737297,-0.0713761076331138,-0.0757472813129425,-0.1806627317601891,-0.1586562391596713,1.9245113134384155
65,0.5224341245797964,-0.0094475774452663,-1.717527632529919,-0.0198786956473038,-0.0707101427878324,-0.0764919473574711,-0.1805813427073213,-0.1541780783653745,1.938075693754049
66,0.6476041078567505,0.0059964274987577,-1.9419422149658203,-0.028268489986658,-0.0540610216557979,-0.0951085984706878,-0.1785465594257781,-0.042224044361494,2.277185201644897
67,0.6519513267737168,0.0065071515094201,-1.951546127979572,-0.0279977173329544,-0.0547072587964625,-0.0956348828398263,-0.1785567179958879,-0.0369571221270348,2.292523310734675
68,0.760631799697876,0.0192752517759799,-2.1916439533233643,-0.0212284009903669,-0.0708631873130798,-0.1087919920682907,-0.178810697583976,0.0947159393930308,2.675976037979126
69,0.7747605497683954,0.0208284070527333,-2.207306026318751,-0.0206387158004788,-0.0721904876718827,-0.1093462730219604,-0.1788758749873264,0.1088198868112177,2.713885858518268
70,0.9317466616630554,0.03808568790555,-2.38132905960083,-0.0140866581350564,-0.0869382694363594,-0.1155049502849578,-0.1796000712789036,0.2655304237396683,3.135106086730957
71,1.0060741007328031,0.0518670845776796,-2.469364285469055,-0.0181677713990211,-0.0761680006980896,-0.1182363517582416,-0.1695659277699523,0.3695152649407784,3.383638858795166
72,1.0804015398025513,0.0656484812498092,-2.5573995113372803,-0.0222488846629858,-0.0653977319598198,-0.1209677532315254,-0.1595317820702376,0.4735001054345655,3.632171630859375
73,1.0804015398025513,0.0656484812498092,-2.5573995113372803,-0.0222488846629858,-0.0653977319598198,-0.1209677532315254,-0.1595317820702376,0.4735001054345655,3.632171630859375
74,1.1711462552730856,0.0750093838343252,-2.694408838565533,-0.0223077729057806,-0.0640782226736728,-0.1241708472371101,-0.1396575178263703,0.6815290240235194,4.121049147385818
75,1.2234377559989391,0.0720346013855452,-2.7634592923251065,-0.0264700645712589,-0.0687142280918178,-0.1249089773857232,-0.1288458701788544,0.8150875655796863,4.436552380070542
76,1.2690800428390503,0.0682031139731407,-2.822268486022949,-0.0307122934609651,-0.073557049036026,-0.1253897994756698,-0.1195035653853489,0.9336822564285364,4.716923236846924
77,1.2690800428390503,0.0682031139731407,-2.822268486022949,-0.0307122934609651,-0.073557049036026,-0.1253897994756698,-0.1195035653853489,0.9336822564285364,4.716923236846924
78,1.3806920560818274,0.0511538018517702,-2.8700673557022243,-0.0320335883032349,-0.0735034003709126,-0.1265458769879294,-0.1074968453229689,1.1903794426996184,5.271267890930176
79,1.398667105457239,0.0504656675876232,-2.870360433009633,-0.0298627059612618,-0.0678595912626437,-0.1268214355958135,-0.105926543326207,1.2431225859655948,5.374704887992458
80,1.4777472019195557,0.0530832558870315,-2.851335048675537,-0.013772620819509,-0.0275703724473714,-0.1282789260149002,-0.1000149916188449,1.506443782232747,5.868616580963135
81,1.4590043425559998,0.0921539366245269,-2.800337791442871,-0.0215605073608457,-0.0092461984604596,-0.1282864287495613,-0.0795353098960402,1.6528747516841855,6.152196168899536
82,1.4402614831924438,0.1312246173620224,-2.749340534210205,-0.0293483939021825,0.009077975526452,-0.1282939314842224,-0.0590556303639989,1.7993057211356245,6.4357757568359375
83,1.4402614831924438,0.1312246173620224,-2.749340534210205,-0.0293483939021825,0.009077975526452,-0.1282939314842224,-0.0590556303639989,1.7993057211356245,6.4357757568359375
84,1.3601486682891846,0.0968363806605339,-2.934388875961304,-0.0596406422555445,-0.0160405058413743,-0.1308614611625671,-0.0284135074524203,2.0558592847461643,7.00609016418457
85,1.3766372203826904,0.0719708055257797,-3.042128801345825,-0.0499250423163175,-0.0341432867571711,-0.1305853500962257,-0.0193203866658147,2.185974783336153,7.313244819641113
86,1.3931257724761963,0.0471052303910254,-3.1498687267303467,-0.0402094423770904,-0.0522460676729679,-0.1303092390298843,-0.0102272636884456,2.316090282633465,7.620399475097656
87,1.4277162160446395,0.0569907571026934,-3.2173898172615774,-0.0348231702375767,-0.0433359183371066,-0.1303080751083383,0.000853863198555,2.459124359828313,7.944971853227758
88,1.4623066596130827,0.0668762838143614,-3.284910907792808,-0.029436898098063,-0.0344257690012454,-0.1303069111867923,0.0119349900855558,2.602158438437807,8.269544231357859
89,1.4635357638017847,0.0652224655955209,-3.2928246970570414,-0.0311605874278129,-0.0327990353620106,-0.1302506039175418,0.0130379124174942,2.627935713674812,8.32827264453293
90,1.4733490943908691,0.0457483157515525,-3.373253345489502,-0.0509111657738685,-0.0157142337411642,-0.1296250969171524,0.024061384982826,2.8984572107174644,8.944746971130371
91,1.459394633769989,0.0459377747029065,-3.399072289466858,-0.0522430408746003,-0.0179119436070322,-0.1295891180634498,0.0403673687743197,3.0369192695880454,9.289491176605225
92,1.4454401731491089,0.0461272336542606,-3.424891233444214,-0.0535749159753322,-0.0201096534729003,-0.1295531392097473,0.0566733525658135,3.1753813284586263,9.634235382080078
93,1.4454401731491089,0.0461272336542606,-3.424891233444214,-0.0535749159753322,-0.0201096534729003,-0.1295531392097473,0.0566733525658135,3.1753813284586263,9.634235382080078
94,1.4630041122436523,-0.0038161419797687,-3.4506595134735107,-0.039321444928646,-0.0220083631575107,-0.1263857036828994,0.062974724339639,3.4711882579697706,10.32523250579834
95,1.4654623866081238,-0.0056785511551424,-3.458533763885498,-0.0188259102869778,-0.0169170876033603,-0.1280264556407928,0.0551836969531104,3.620400057535722,10.677719593048096
96,1.4679206609725952,-0.0075409603305161,-3.4664080142974854,0.0016696243546902,-0.01182581204921,-0.1296672075986862,0.0473926695665818,3.7696118563943504,11.030206680297852
97,1.473635971546173,0.0375618652906268,-3.460898399353028,0.0003748915623873,-0.0010068826377391,-0.1296637281775474,0.0549476903883521,3.919212910002634,11.382745742797852
98,1.479351282119751,0.0826646909117698,-3.4553887844085693,-0.0009198412299156,0.0098120467737317,-0.1296602487564087,0.0625027155916493,4.068813962903595,11.735284805297852
99,1.4728544318777883,0.0865722756482596,-3.452663635596251,-0.0088951948425199,0.0103441884613826,-0.1297014554341634,0.0682114201298065,4.112411881218248,11.83773953690488
100,1.4346376657485962,0.109558068215847,-3.436633348464966,-0.0558090396225452,0.0134744336828589,-0.12994384765625,0.1017920447252765,4.3688702235799015,12.440414428710938
101,1.415350615978241,0.0702456450089812,-3.439229249954224,-0.0483945365995168,0.0072955166688188,-0.1298187226057052,0.1033765888752157,4.51116222265846,12.789653778076172
102,1.3960635662078855,0.0309332218021154,-3.441825151443481,-0.0409800335764884,0.0011165996547787,-0.1296935975551605,0.1049611330251549,4.65345421961505,13.138893127441406
103,1.3960635662078855,0.0309332218021154,-3.441825151443481,-0.0409800335764884,0.0011165996547788,-0.1296935975551605,0.1049611330251549,4.65345421961505,13.138893127441406
104,1.4016751050949097,0.0672313645482063,-3.4672646522521973,0.0038735691923647,-0.0068723410367965,-0.130979299545288,0.1195376295662065,4.942158301203925,13.839770317077637
105,1.4071676135063171,0.0956619121134281,-3.47354793548584,-0.0148419955512508,-0.0044302230235188,-0.1302822902798652,0.1372996341791816,5.088699832327404,14.188909530639648
106,1.4126601219177246,0.1240924596786499,-3.4798312187194824,-0.0335575602948665,-0.0019881050102412,-0.1295852810144424,0.1550616409829201,5.235241363450882,14.53804874420166
107,1.4010692834854126,0.0967374444007873,-3.4800074100494385,-0.0410976763814687,-0.0032770028337835,-0.1287320852279662,0.1591677166188725,5.376343249700155,14.89044189453125
108,1.3894784450531006,0.0693824291229248,-3.4801836013793945,-0.0486377924680709,-0.0045659006573259,-0.1278788894414901,0.1632737922548248,5.517445135949428,15.24283504486084
109,1.3894957389150346,0.0684054740039365,-3.479922047683171,-0.0458754532571349,-0.0054988999285601,-0.1279468259641101,0.1650336982557466,5.546450170467954,15.3185213633946
110,1.3896398544311523,0.0602641813457012,-3.4777424335479736,-0.0228559598326683,-0.0132738938555121,-0.1285129636526107,0.1796995823270156,5.788158786504405,15.949240684509276
111,1.3892746351251557,0.0769949438078189,-3.34257641716383,-0.0229211051517457,-0.0117652935314163,-0.1276409121146841,0.1924191855785258,5.920344807216482,16.29239215661044
112,1.3889094158191586,0.0937257062699367,-3.207410400779686,-0.0229862504708232,-0.0102566932073205,-0.1267688605767576,0.2051387844485091,6.0525308286358825,16.635543628711606
113,1.3889057636260986,0.0938930138945579,-3.2060587406158447,-0.022986901924014,-0.0102416072040796,-0.1267601400613784,0.2052659801743173,6.0538526888783695,16.638975143432617
114,1.367026448249817,0.1102943047881126,-2.810873746871948,-0.0617590807378292,0.0189390312880277,-0.129299446940422,0.2416277373428969,6.330837687332447,17.239395141601562
115,1.3315709233283997,0.0917836986482143,-2.6567285060882564,-0.0690042879432439,0.0295019755139946,-0.1299748644232749,0.2582780565701404,6.4621433991916,17.503806114196777
116,1.2961153984069824,0.073273092508316,-2.502583265304565,-0.0762494951486587,0.0400649197399616,-0.1306502819061279,0.2749283779881473,6.593449111050753,17.768217086791992
117,1.2465401887893677,0.047494065016508,-2.370250105857849,-0.064864432439208,0.0516941118985413,-0.1307842954993247,0.2775260406947523,6.720119980148875,18.004146575927734
118,1.196964979171753,0.0217150375247001,-2.237916946411133,-0.0534793697297573,0.0633233040571212,-0.1309183090925216,0.2801236990198303,6.8467908492469975,18.24007606506348
119,1.1782967147664127,0.0224388243678287,-2.202614009889782,-0.0512656211279905,0.0673094151111748,-0.1308764594997095,0.2798633465008711,6.877826930893338,18.298732154389736
120,1.0616200622330365,0.0269624921373831,-1.9819706566313395,-0.0374296923669484,0.0922226091990103,-0.1306148995446343,0.2782361394235397,7.071802443835429,18.66533271267883
121,0.9895496685516656,0.0312635150412326,-1.838832330821183,-0.0476685655601505,0.0961649054523758,-0.130278594681782,0.2806864842420637,7.172985566256562,18.853173448534434
122,0.9179298431415276,0.0355622890070447,-1.696476884076161,-0.0581506185710723,0.0998953744548882,-0.1299415348198613,0.2831780197949428,7.273231390803492,19.039208529617987
123,0.915065050125122,0.0357342399656772,-1.69078266620636,-0.0585699006915092,0.1000445932149887,-0.1299280524253845,0.2832776798149694,7.277241223785369,19.046649932861328
124,0.7552183270454407,0.0310597456991672,-1.4668043851852417,-0.0566000938415527,0.1060682386159896,-0.1310412287712097,0.2903411875217697,7.437313300962423,19.34663200378418
125,0.6735086739063263,0.0318310372531413,-1.361180305480957,-0.0585788208991288,0.1086566746234893,-0.1308221071958541,0.2931845969274241,7.506504433485217,19.482712745666504
126,0.5917990207672119,0.0326023288071155,-1.2555562257766724,-0.060557547956705,0.111245110630989,-0.1306029856204986,0.2960280063330785,7.575695566715335,19.618793487548828
127,0.5169502531953633,0.0330182180138937,-1.1537243621102693,-0.0640128721561043,0.1126091834799996,-0.130470108369301,0.3024719442290655,7.634727490565263,19.73362057314717
128,0.4421014856235146,0.0334341072206719,-1.0518924984438665,-0.0674681963555037,0.1139732563290101,-0.1303372311181035,0.3089158821250525,7.693759414415191,19.84844765874553
129,0.4188050555771794,0.033441203550018,-1.022105763698446,-0.0692570623138854,0.1139144311691151,-0.1303291855187251,0.312683662260082,7.706224110159754,19.878270971363992
130,0.2872365117073059,0.0334075763821601,-0.8550321459770203,-0.0797896012663841,0.1132910102605819,-0.1303038150072097,0.3350240492008282,7.773059974919172,20.043136596679688
131,0.2229935377836227,0.0182265354087575,-0.7826794683933258,-0.0796289257705211,0.1104133650660514,-0.1309543401002883,0.3408483187016466,7.801739164081001,20.121511459350582
132,0.1587505638599395,0.0030454944353549,-0.7103267908096313,-0.0794682502746582,0.107535719871521,-0.131604865193367,0.3466725882024651,7.830418352535506,20.199886322021484
133,0.1587505638599395,0.003045494435355,-0.7103267908096313,-0.0794682502746582,0.107535719871521,-0.131604865193367,0.3466725882024651,7.830418352535506,20.199886322021484
134,0.0008922035922296,-0.0629583522677421,-0.6335245966911316,-0.0660063996911048,0.1009265109896659,-0.1316683292388916,0.3145446084620028,7.836910975145828,20.33822250366211
135,-0.036303350556409,-0.0442333929240703,-0.6214015781879425,-0.0502422600984572,0.0789513252675532,-0.1316568925976753,0.3105764589112284,7.834007701038703,20.40619468688965
136,-0.0734989047050476,-0.0255084335803985,-0.6092785596847534,-0.0344781205058097,0.0569761395454406,-0.131645455956459,0.3066083071696906,7.831104426931579,20.474166870117188
137,-0.0693042911589145,-0.0035893619060516,-0.6348648369312286,-0.0466444678604602,0.0492983032017945,-0.1321822479367256,0.3179018110468963,7.831634758685979,20.53789710998535
138,-0.0651096776127815,0.0183297097682952,-0.6604511141777039,-0.0588108152151107,0.0416204668581485,-0.1327190399169922,0.3291953105425751,7.8321650904403795,20.60162734985352
139,-0.0654164534704438,0.0138207510884465,-0.6562479343907587,-0.0597891124158069,0.0395340352993586,-0.1323480051139305,0.3285588083210699,7.830138337471038,20.622416397620896
140,-0.0673338025808334,-0.0143602406606077,-0.6299780607223511,-0.0659034699201583,0.0264938380569219,-0.1300290375947952,0.3245806601259175,7.817471133004128,20.752347946166992
141,-0.0220535245181909,-0.0205527791401269,-0.5033779731437341,-0.0592712114254632,-0.0037721300692256,-0.1282318982467129,0.3198045460615933,7.819884998948812,20.81186101922941
142,0.0232267535444515,-0.026745317619646,-0.3767778855651171,-0.0526389529307682,-0.0340380981953731,-0.1264347588986306,0.3150284363787961,7.822298863478849,20.87137409229184
143,0.023679556325078,-0.0268072430044412,-0.375511884689331,-0.0525726303458213,-0.0343407578766346,-0.1264167875051498,0.3149806755448597,7.822323002293907,20.87196922302246
144,0.1960195749998092,-0.0428297221660614,-0.179331973195076,-0.0506101883947849,-0.0814566686749458,-0.1232598423957824,0.2994311338921387,7.844516850736616,20.945777893066406
145,0.3273110875103733,-0.0566379016283715,-0.1074898770392531,-0.0493833341147049,-0.0957433819623276,-0.1214690105159683,0.2891923248803205,7.882898242879577,20.968424353269068
146,0.4586026000209374,-0.0704460810906816,-0.0356477808834302,-0.048156479834625,-0.1100300952497094,-0.1196781786361542,0.2789535158685023,7.921279635022538,20.99107081347173
147,0.6107832964020546,-0.0867949967281986,0.0005346796654089,-0.0503755194520708,-0.1138729142269702,-0.1164531731093772,0.2669174812004206,7.993673328441808,21.003615022909763
148,0.763390302658081,-0.1031957641243934,0.0359893925487995,-0.0526648834347724,-0.1175025925040245,-0.1131988987326622,0.2548447709614509,8.066761149837841,21.015953063964844
149,0.8079988027023057,-0.1107072461459595,0.0422807405308141,-0.0512640304484608,-0.119874693832155,-0.1118715621404728,0.2481323199526597,8.096383553631515,21.01719688156904
150,1.055823802947998,-0.1524377018213272,0.0772326737642288,-0.0434815138578414,-0.1330530345439911,-0.1044974699616432,0.2108409254593753,8.260952464932414,21.02410697937012
151,1.2230823441307144,-0.1624141030087329,0.0768355024923192,-0.0394165729827219,-0.1480292105438685,-0.0991827089450146,0.1866802988923413,8.388763473068938,21.023038108750143
152,1.3903408853134307,-0.1723905041961385,0.0764383312204095,-0.0353516321076024,-0.163005386543746,-0.093867947928386,0.1625196723253073,8.516574481205463,21.02196923813017
153,1.393686056137085,-0.1725900322198867,0.0764303877949714,-0.0352703332901001,-0.1633049100637436,-0.0937616527080535,0.162036460013043,8.51913070158039,21.021947860717773
154,1.7251025438308716,-0.1784439831972122,0.081848457455635,-0.0536944754421711,-0.2124200761318206,-0.0798881277441978,0.1334792165707798,8.79246162722469,21.019914627075195
155,1.9642956852912905,-0.2038038969039916,0.0768287368118762,-0.065729746595025,-0.2294116541743278,-0.0733483657240867,0.117345102553332,8.98914724150901,21.014291763305664
156,2.203488826751709,-0.2291638106107711,0.0718090161681175,-0.077765017747879,-0.246403232216835,-0.0668086037039756,0.1012109885358842,9.185832856500651,21.008668899536133
157,2.436278223991394,-0.2867946699261665,0.0478808553889393,-0.0683899372816085,-0.228054791688919,-0.0598833113908767,0.0544516949713669,9.438884954379834,21.00199604034424
158,2.669067621231079,-0.3444255292415619,0.0239526946097611,-0.0590148568153381,-0.2097063511610031,-0.0529580190777778,0.0076923992160862,9.691937052966338,20.995323181152344
159,2.7211727857589723,-0.3469523891806602,0.0236628578975796,-0.0570290196686982,-0.208928195387125,-0.0509546168148517,-0.0052632566062147,9.776009843838862,20.996283340454102
160,3.010645922025045,-0.3609904999534289,0.0220526539410153,-0.0459965910762547,-0.2046051077544689,-0.03982460424304,-0.077239124719846,10.24308090439896,21.0016175587972
161,3.185585626448044,-0.3617657775228673,0.020962697745423,-0.0563653453130914,-0.2201230134626831,-0.032905595866267,-0.1122720852726772,10.560040119396708,21.003022299872505
162,3.3581879138946533,-0.3622703850269317,0.0198833588510751,-0.0671708583831787,-0.2360458374023437,-0.0260725263506174,-0.1465511099201205,10.873935826851366,21.00434684753418
163,3.3581879138946533,-0.3622703850269317,0.0198833588510751,-0.0671708583831787,-0.2360458374023437,-0.0260725263506174,-0.1465511099201205,10.873935826851366,21.00434684753418
164,3.705875396728516,-0.4229683578014374,0.0487520359456539,-0.0838760286569595,-0.261690229177475,-0.0112415272742509,-0.2382141204084462,11.5422172460814,21.01553726196289
165,3.909979343414306,-0.4455334693193435,0.0488540604710578,-0.077292576432228,-0.2678131759166717,-0.004508402198553,-0.291373749104039,11.928939705516562,21.009461402893063
166,4.114083290100098,-0.4680985808372497,0.0489560849964618,-0.0707091242074966,-0.2739361226558685,0.0022247228771447,-0.3445333756088684,12.315662165659049,21.00338554382324
167,4.300440549850464,-0.4797916859388351,0.035418765619397,-0.0691873244941234,-0.2551793232560157,0.010897597298026,-0.3986075779396956,12.748885963931864,21.0019588470459
168,4.48679780960083,-0.4914847910404205,0.0218814462423323,-0.0676655247807502,-0.236422523856163,0.0195704717189073,-0.4526817780797593,13.18210976079004,21.000532150268555
169,4.524516323865471,-0.4916662447533365,0.022452825806656,-0.0686619074667913,-0.2307835544570017,0.0215314657001171,-0.4704773539518161,13.322256494915695,21.001896421788103
170,4.734063625335693,-0.492674320936203,0.0256271567195653,-0.0741973668336868,-0.1994559466838836,0.0324258767068386,-0.5693416667863131,14.100849466131438,21.00947570800781
171,4.809786796569824,-0.5086112767457962,0.0443964889273047,-0.0846030451357364,-0.1922407895326614,0.0392846222966909,-0.6246168412579708,14.574867160894955,21.00846576690674
172,4.885509967803955,-0.5245482325553894,0.0631658211350441,-0.0950087234377861,-0.1850256323814392,0.0461433678865432,-0.6798920157296283,15.048884856365795,21.007455825805664
173,4.885509967803955,-0.5245482325553894,0.0631658211350441,-0.0950087234377861,-0.1850256323814392,0.0461433678865432,-0.6798920157296283,15.048884856365795,21.007455825805664
174,5.007823944091797,-0.5585408806800842,0.0740222930908203,-0.1127867996692657,-0.1592846363782882,0.0595540255308151,-0.774289447332819,16.014483903638464,21.00954818725586
175,5.018347978591919,-0.6118692457675934,0.0637009050697088,-0.0936112403869628,-0.1451277211308479,0.0652676597237586,-0.8486657962981277,16.50755673883275,21.00974941253662
176,5.028872013092041,-0.6651976108551025,0.0533795170485973,-0.07443568110466,-0.1309708058834076,0.0709812939167022,-0.9230421474541998,17.000629574027037,21.009950637817383
177,5.025573968887329,-0.6597161889076233,0.0587107334285973,-0.0546813327819108,-0.1372820064425468,0.0810570903122424,-0.9941776102291388,17.49058918606028,21.006300926208496
178,5.022275924682617,-0.654234766960144,0.0640419498085975,-0.0349269844591617,-0.1435932070016861,0.0911328867077827,-1.0653130773856048,17.980548798800843,21.00265121459961
179,5.027446746826172,-0.6426943951639635,0.0612509551233258,-0.0340821608130273,-0.1436779771385521,0.0932307708366163,-1.082247882581954,18.11688961058133,21.00276644476529
180,5.059764385223389,-0.5705670714378357,0.0438072383403778,-0.0288020130246877,-0.1442077904939651,0.1063425466418266,-1.1880904298467898,18.96901967784348,21.00348663330078
181,5.065269947052002,-0.5521124005317688,0.0448031406849622,-0.054638466797769,-0.1390176936984062,0.1149312853813171,-1.2406816386765602,19.459540770725315,21.003518104553223
182,5.070775508880615,-0.5336577296257019,0.0457990430295467,-0.0804749205708503,-0.1338275969028473,0.1235200241208076,-1.293272845315567,19.95006186360715,21.003549575805664
183,5.070775508880615,-0.5336577296257019,0.0457990430295467,-0.0804749205708503,-0.1338275969028473,0.1235200241208076,-1.293272845315567,19.95006186360715,21.003549575805664
184,5.102152498144853,-0.5887817552215174,0.0334494468805036,-0.0918409436156875,-0.1074328814682206,0.1384078440697569,-1.414156453655247,20.89127845626193,21.00790977478028
185,5.102450279734242,-0.6244331376636447,0.0313421183232984,-0.0737113968548762,-0.1078200937440646,0.1446534171326076,-1.5016429488904672,21.4452729336222,21.002977754602483
186,5.100990295410156,-0.6573512554168701,0.0299065224826335,-0.0547608993947505,-0.1096924021840095,0.1501266211271286,-1.583229551661397,21.952045324770907,20.99775123596192
187,5.090652227401733,-0.6439063549041748,0.0247275736182927,-0.0415809229016303,-0.1032749190926551,0.1565474346280098,-1.6591110997060745,22.45729031112409,21.00009155273438
188,5.080314159393311,-0.6304614543914795,0.019548624753952,-0.0284009464085102,-0.0968574360013008,0.162968248128891,-1.7349926433692249,22.962535296062622,21.00243186950684
189,5.072360127659168,-0.6240558755599847,0.022520325951657,-0.0265325875163583,-0.0985751578868445,0.1648542706744145,-1.758968538190008,23.11551181569649,21.00478101180772
190,5.028171062469482,-0.5884693264961243,0.0390297770500183,-0.0161528158932924,-0.1081180572509765,0.175332173705101,-1.8921679570254613,23.965381367488938,21.017831802368164
191,5.006922721862793,-0.5515240132808685,0.0528409630060195,-0.0273863738402724,-0.1186014264822005,0.1838180348277091,-1.948707493378326,24.4580642413178,21.01859474182129
192,4.985674381256104,-0.5145787000656128,0.0666521489620208,-0.0386199317872524,-0.1290847957134246,0.1923038959503173,-2.0052470341127173,24.95074711443934,21.01935768127441
193,4.985674381256104,-0.5145787000656128,0.0666521489620208,-0.0386199317872524,-0.1290847957134246,0.1923038959503173,-2.0052470341127173,24.95074711443934,21.01935768127441
194,5.011603355407715,-0.4908659160137176,0.0441898852586746,-0.0691630914807319,-0.1388931572437286,0.2070182859897613,-2.119986937733182,25.9285692825727,21.007848739624023
195,5.028899192810059,-0.4919415116310119,0.0465504880994558,-0.071510475128889,-0.1391620784997939,0.2149597108364105,-2.173744966892388,26.422763461108943,21.010374069213867
196,5.046195030212402,-0.4930171072483063,0.048911090940237,-0.0738578587770462,-0.1394309997558593,0.2229011356830597,-2.227502993860829,26.916957638937863,21.01289939880371
197,5.058836936950684,-0.4885538220405578,0.0517097543925046,-0.0826455168426036,-0.127882033586502,0.2307985946536064,-2.272790131631069,27.41896399940491,21.01029682159424
198,5.071478843688965,-0.4840905368328094,0.0545084178447723,-0.0914331749081611,-0.1163330674171447,0.2386960536241531,-2.318077265019781,27.920970359871955,21.00769424438477
199,5.069344964801756,-0.4937976670061421,0.0559371487579793,-0.0901385887056333,-0.1161302026902507,0.2408478749104035,-2.339064783236009,28.0660430716494,21.007378309200973
200,5.056792736053467,-0.5508984327316284,0.0643414482474327,-0.082523375749588,-0.1149368807673454,0.2535056471824646,-2.462520783825917,28.919411965789287,21.00551986694336
201,5.047123193740845,-0.5608318448066711,0.0441169682890176,-0.0673036538064479,-0.1099296286702155,0.2586166262626648,-2.53560681255392,29.409139381335493,21.00286865234375
202,5.037453651428223,-0.5707652568817139,0.0238924883306026,-0.0520839318633079,-0.1049223765730857,0.263727605342865,-2.6086928412819232,29.89886679617437,21.00021743774414
203,5.037453651428223,-0.5707652568817139,0.0238924883306026,-0.0520839318633079,-0.1049223765730857,0.263727605342865,-2.6086928412819232,29.89886679617437,21.00021743774414
204,5.018086910247803,-0.5592657327651978,0.0092342309653759,-0.065662071108818,-0.1173683777451515,0.2813571989536285,-2.75304266332614,30.88768394877184,20.999141693115234
205,5.026268720626831,-0.5453072488307953,0.008495646296069,-0.0582811422646045,-0.1182383373379707,0.2875819951295852,-2.820753901490012,31.38964095789232,21.000598907470703
206,5.034450531005859,-0.5313487648963928,0.0077570616267621,-0.050900213420391,-0.1191082969307899,0.293806791305542,-2.888465139653883,31.89159796559815,21.00205612182617
207,5.033184289932251,-0.5157217085361481,0.011018858058378,-0.0572737604379653,-0.1125470213592052,0.3023352921009063,-2.952301839589126,32.407336324807744,21.00111198425293
208,5.031918048858643,-0.5000946521759033,0.014280654489994,-0.0636473074555397,-0.1059857457876205,0.3108637928962707,-3.016138537333606,32.92307468401734,21.000167846679688
209,5.029757022857666,-0.494102418422699,-0.0064759068191051,-0.0703597776591777,-0.0998611226677894,0.3175859600305556,-3.0707276917575363,33.423047902972904,20.98440456390381
210,5.0275959968566895,-0.4881101846694946,-0.0272324681282042,-0.0770722478628158,-0.0937364995479583,0.3243081271648407,-3.12531684837223,33.923021121928464,20.96864128112793
211,5.011724233627319,-0.5044171512126923,-0.0482751764357089,-0.0781052410602569,-0.0961512178182601,0.3333025574684143,-3.1890766547012017,34.403483300307514,20.974748611450195
212,4.995852470397949,-0.5207241177558899,-0.0693178847432136,-0.079138234257698,-0.098565936088562,0.3422969877719879,-3.252836461030173,34.883945480808535,20.98085594177246
213,4.995852470397949,-0.5207241177558899,-0.0693178847432136,-0.079138234257698,-0.098565936088562,0.3422969877719879,-3.252836461030173,34.883945480808535,20.98085594177246
214,5.014076232910156,-0.5163373351097107,-0.0365491583943367,-0.0847485437989234,-0.1041392758488655,0.3566872179508209,-3.3727469475814624,35.862322657076895,20.97746086120605
215,5.025394916534424,-0.5086545348167419,-0.0480531901121139,-0.0761486850678919,-0.097890805453062,0.3629254400730133,-3.434585460938566,36.36385572432344,20.973737716674805
216,5.036713600158691,-0.5009717345237732,-0.0595572218298912,-0.0675488263368606,-0.0916423350572586,0.3691636621952057,-3.496423972104907,36.86538879156998,20.970014572143555
217,5.027644157409668,-0.5019968748092651,-0.0626052320003509,-0.0766636058688163,-0.0830335393548011,0.3756280392408371,-3.556208865996339,37.37561266829326,20.96678352355957
218,5.0185747146606445,-0.5030220150947571,-0.0656532421708107,-0.0857783854007721,-0.0744247436523437,0.3820924162864685,-3.615993759887771,37.88583654501654,20.963552474975582
219,5.014330721309042,-0.5085195990709158,-0.0687302531849624,-0.0859441474462166,-0.0748772463227948,0.3838441677582569,-3.633571466525658,38.02567950509517,20.963058341262684
220,4.989366054534912,-0.5408583283424377,-0.0868303179740905,-0.086919218301773,-0.0775390267372131,0.394148588180542,-3.736969735195958,38.84828515332384,20.96015167236328
221,4.984259128570557,-0.542624443769455,-0.0862952172756194,-0.0789794139564037,-0.0901145972311496,0.4027726203203201,-3.8013065163220174,39.33793166313316,20.96397495269776
222,4.979152202606201,-0.5443905591964722,-0.0857601165771484,-0.0710396096110344,-0.1026901677250862,0.4113966524600982,-3.86564329963884,39.82757817364979,20.967798233032227
223,4.979152202606201,-0.5443905591964722,-0.0857601165771484,-0.0710396096110344,-0.1026901677250862,0.4113966524600982,-3.86564329963884,39.82757817364979,20.967798233032227
224,4.996928215026856,-0.5097222328186035,-0.0909238830208778,-0.0912208408117294,-0.0866288989782333,0.4249971508979797,-3.9786246270517966,40.8049488928216,20.962766647338867
225,5.001480579376221,-0.5113315284252167,-0.0838048681616782,-0.1019040457904338,-0.0875988900661468,0.4320264160633087,-4.030034111788393,41.29978302899584,20.962087631225582
226,5.006032943725586,-0.5129408240318298,-0.0766858533024787,-0.1125872507691383,-0.0885688811540603,0.4390556812286377,-4.081443598715754,41.79461716517008,20.961408615112305
227,5.0122668743133545,-0.536229133605957,-0.0899423658847808,-0.1150555685162544,-0.0824342481791972,0.445903405547142,-4.139861399255597,42.28993349481125,20.959743499755856
228,5.018500804901123,-0.5595174431800842,-0.1031988784670829,-0.1175238862633705,-0.0762996152043342,0.4527511298656463,-4.198279199795442,42.78524982445242,20.95807838439941
229,5.0171978494040985,-0.5628983307088542,-0.1020151597057651,-0.1135652478561441,-0.0776249602691739,0.4553141886861914,-4.216146722529904,42.9296910346394,20.958587760599247
230,5.009533405303955,-0.5827859044075012,-0.0950521081686019,-0.0902791395783424,-0.0854211077094078,0.4703910052776336,-4.321249788546584,43.779345215746446,20.961584091186523
231,4.9676690101623535,-0.4138214141130447,-0.3166515752673149,0.0107124708592891,-0.1038701497018337,0.4751031398773193,-4.358035156117053,44.27130398948997,20.992854118347168
232,4.925804615020752,-0.2448569238185882,-0.5382510423660278,0.1117040812969207,-0.1223191916942596,0.479815274477005,-4.394820523687523,44.76326276394082,21.02412414550781
233,4.925804615020752,-0.2448569238185882,-0.5382510423660278,0.1117040812969207,-0.1223191916942596,0.479815274477005,-4.394820523687523,44.76326276394082,21.02412414550781
234,4.797085762023926,0.1856446564197539,-0.5471378564834595,0.0809917449951171,-0.1256935894489288,0.4919275641441345,-4.372237036489973,45.70320361381852,21.126087188720703
235,4.795931962457034,0.1889140228233714,-0.5469786448053794,0.0811039898360128,-0.1256931823964165,0.4920771198697609,-4.37166659674025,45.71235494155346,21.12691223975456
236,4.680552005767822,0.5158506631851196,-0.5310574769973755,0.0923284739255905,-0.125652477145195,0.5070326924324036,-4.314622705017082,46.62748773555936,21.20941734313965
237,4.616827487945557,0.7223704159259796,-0.552575558423996,0.1076536290347576,-0.1232052110135555,0.5168506801128387,-4.238812981152058,47.08668647475034,21.25986671447754
238,4.553102970123291,0.9288901686668396,-0.5740936398506165,0.1229787841439247,-0.120757944881916,0.5266686677932739,-4.16300326166856,47.54588521252667,21.31031608581543
239,4.4851462841033936,1.1297756135463712,-0.5943131744861603,0.1169220097362995,-0.1238381452858447,0.5339325070381165,-4.048179197679465,47.990686105190086,21.365273475646973
240,4.417189598083496,1.330661058425903,-0.6145327091217041,0.1108652353286743,-0.1269183456897735,0.541196346282959,-3.93335513369037,48.435486997853495,21.42023086547852
241,4.355837024859528,1.505619669435036,-0.65403095762528,0.1141128285014214,-0.1255803400307745,0.548096429056196,-3.788602189264032,48.86800892437637,21.47746081375957
242,4.29448445163556,1.6805782804441691,-0.6935292061288558,0.1173604216741685,-0.1242423343717755,0.5549965118294331,-3.6438492470284576,49.30053085089925,21.53469076204063
243,4.29387092590332,1.6823278665542605,-0.6939241886138916,0.117392897605896,-0.1242289543151855,0.5550655126571655,-3.642401717606102,49.30485607005131,21.53526306152344
244,4.176279067993164,2.026875734329224,-0.7925648093223572,0.133512333035469,-0.1420715302228927,0.5702741146087646,-3.3049526225230506,50.13949749966928,21.66849899291992
245,4.123485326766968,2.2248477935791016,-0.8257244825363159,0.1444569900631904,-0.1516933217644691,0.5775929987430573,-3.0884677032962538,50.54767757191958,21.747459411621094
246,4.070691585540772,2.4228198528289795,-0.8588841557502747,0.1554016470909118,-0.1613151133060455,0.5849118828773499,-2.8719827862602205,50.9558576448772,21.826419830322266
247,4.026896715164185,2.6267677545547485,-0.9003322720527649,0.1634213253855705,-0.1581311523914337,0.5922135412693024,-2.6202661538482723,51.36831111708273,21.912817001342773
248,3.9831018447875977,2.8307156562805176,-0.9417803883552552,0.1714410036802292,-0.1549471914768219,0.5995151996612549,-2.368549528008615,51.78076458928827,21.99921417236328
249,3.966710189441303,2.8702641757758887,-0.9449649979402356,0.1716978328453527,-0.15498465662067,0.6007981198328035,-2.3092046861987523,51.85636037394148,22.01871954428183
250,3.817695140838623,3.2297961711883545,-0.973915994167328,0.1740326434373855,-0.155325248837471,0.6124610304832458,-1.769706151177552,52.54359477846515,22.19604110717773
251,3.7777211666107178,3.252190589904785,-0.7575567066669464,0.0587001778185367,-0.0895635914057493,0.620209813117981,-1.444937350477458,52.91907630375903,22.26564311981201
252,3.737747192382813,3.274585008621216,-0.5411974191665649,-0.0566322878003119,-0.0238019339740276,0.6279585957527161,-1.1201685475866008,53.294557829052906,22.33524513244629
253,3.737747192382813,3.274585008621216,-0.5411974191665649,-0.056632287800312,-0.0238019339740276,0.6279585957527161,-1.1201685475866008,53.294557829052906,22.33524513244629
254,3.652251720428467,2.994940996170044,-0.5335210561752319,-0.0530339553952217,0.03002249635756,0.6420692801475525,-0.5451175015069881,54.05526830815277,22.462867736816406
255,3.5699445009231567,2.918594241142273,-0.56520214676857,-0.0091667678207158,0.0154285643657203,0.6477405726909637,-0.2783085288201618,54.42363019721086,22.524523735046387
256,3.4876372814178467,2.842247486114502,-0.596883237361908,0.0347004197537899,0.0008346323738805,0.653411865234375,-0.011499553942572,54.79199208626895,22.586179733276367
257,3.4846310942780736,2.84223692557391,-0.5998921137230069,0.0347671117268356,7.672184923033728e-05,0.6536563120636285,-0.000952616242514,54.80570379544869,22.58883644552792
258,3.3343217372894287,2.8417088985443115,-0.7503359317779541,0.0381017103791236,-0.0378188043832778,0.6658786535263062,0.5263942512342762,55.491289229679495,22.72167205810547
259,3.329809060463538,2.8460482267233043,-0.7702528997364207,0.0340034009124605,-0.0456588836307198,0.6676556590275887,0.6051857903673287,55.59047959307895,22.74461366376306
260,3.303263902664185,2.8715736865997314,-0.8874115347862244,0.0098956981673836,-0.0917769968509674,0.6781086325645447,1.068665425238697,56.173952314714114,22.87956428527832
261,3.3081313371658325,2.889160752296448,-0.9161469638347626,0.0087021472863852,-0.0844739899039268,0.6830217242240906,1.3470047079961458,56.51114152389092,22.96524143218994
262,3.3129987716674805,2.906747817993164,-0.9448823928833008,0.0075085964053869,-0.0771709829568862,0.6879348158836365,1.6253439929443585,56.8483307323604,23.05091857910156
263,3.3129987716674805,2.906747817993164,-0.9448823928833008,0.0075085964053869,-0.0771709829568862,0.6879348158836365,1.6253439929443585,56.8483307323604,23.05091857910156
264,3.30784273147583,2.9146649837493896,-0.9671659469604492,-0.0065059652552007,-0.0680760443210601,0.6966371536254883,2.1845594537693325,57.51939528262695,23.21902084350586
265,3.319582939147949,2.913960218429565,-0.9637248814105988,-0.0113172600977121,-0.0690677389502524,0.7007244229316711,2.471158631106515,57.85973331241389,23.305136680603027
266,3.3313231468200684,2.913255453109741,-0.9602838158607484,-0.0161285549402236,-0.0700594335794448,0.704811692237854,2.757757810634461,58.20007134220084,23.391252517700195
267,3.332764524274168,2.9082452470222404,-0.9603277909017244,-0.0140401532634498,-0.067921257355308,0.7058970247749734,2.8210952574874715,58.27824443253027,23.411362572053893
268,3.3438520431518555,2.8697052001953125,-0.9606660604476928,0.0020244750194251,-0.0514737479388713,0.7142457365989685,3.308306396563148,58.87957589720128,23.56605529785156
269,3.3428932254754224,2.8694719573826464,-0.9604362480848736,0.0023189476211961,-0.0515278934058054,0.7145337468212091,3.324369277907074,58.8992225118089,23.57128796994107
270,3.3109326362609863,2.861697196960449,-0.9527758359909058,0.012134701013565,-0.0533327423036098,0.724134087562561,3.859798647274898,59.5541096521931,23.745710372924805
271,3.310414753708185,2.8620556569566915,-0.9527817123076496,0.0118008865609618,-0.0533362682543548,0.7242662801462061,3.871091572790554,59.56706878658191,23.749102461571788
272,3.2845206260681152,2.879978656768799,-0.9530755281448364,-0.0048898360691964,-0.0535125657916069,0.7308759093284607,4.435737861717903,60.21502548480285,23.9187068939209
273,3.2845206260681152,2.879978656768799,-0.9530755281448364,-0.0048898360691964,-0.0535125657916069,0.7308759093284607,4.435737861717903,60.21502548480285,23.9187068939209
274,3.2884648763216453,2.8520750999450684,-0.9652409278429472,-0.0273476613757127,-0.0556369956869344,0.7398848854578458,4.952326838500672,60.81200549075716,24.075656450711765
275,3.3162176764790137,2.833172835297321,-0.9740430158586358,-0.0247183104593249,-0.0610663212423946,0.7448722729131804,5.270115463754012,61.19995014153834,24.175136978302767
276,3.343918800354004,2.8164284229278564,-0.981909990310669,-0.0201720111072063,-0.066371664404869,0.7491517066955566,5.547630156294102,61.541562582213,24.26241111755371
277,3.3421911001205444,2.8320904970169067,-0.9859691262245178,-0.0232346411794423,-0.0562392733991145,0.7518761157989502,5.848484379451567,61.87067424093373,24.35020160675049
278,3.340463399887085,2.847752571105957,-0.9900282621383668,-0.0262972712516784,-0.0461068823933601,0.7546005249023438,6.149338604799796,62.199785898239824,24.437992095947266
279,3.3301717042922974,2.8244564533233643,-0.9729114174842834,-0.04183348454535,-0.0387580525130033,0.7601608037948608,6.443706176746323,62.52034104762605,24.526752471923828
280,3.3198800086975098,2.8011603355407715,-0.9557945728302002,-0.0573696978390216,-0.0314092226326465,0.7657210826873779,6.738073746502086,62.84089619701228,24.61551284790039
281,3.31904535923364,2.796162614282572,-0.9510252711907872,-0.057565123756539,-0.028080795768578,0.7661779455418857,6.77135176532397,62.87841716810561,24.62467060448989
282,3.3051345348358154,2.712867259979248,-0.871536910533905,-0.0608222223818302,0.0273929852992296,0.7737923264503479,7.325985388987214,63.50376669292945,24.777299880981445
283,3.3051345348358154,2.712867259979248,-0.871536910533905,-0.0608222223818302,0.0273929852992296,0.7737923264503479,7.325985388987214,63.50376669292945,24.777299880981445
284,3.218884596457848,2.5399221640366774,-0.803082865018111,-0.0504603469027922,0.0836647865004264,0.7821396360030541,7.825667039319565,64.11859258985908,24.91906576890212
285,3.1966539587929983,2.509104100343223,-0.7940576505438189,-0.0471684287310899,0.0898558429886247,0.7832860083223503,7.897490921028208,64.20929070634863,24.93926130276974
286,2.9817519187927246,2.274733066558838,-0.746618926525116,-0.0124765923246741,0.1113092675805091,0.7897254824638367,8.328687211596888,64.7730424977685,25.05900001525879
287,2.863136421981736,2.182363422355841,-0.7247218999696609,-0.0039817445137681,0.1050324240208264,0.7935781072621322,8.540968485156036,65.05340997394194,25.121907409743883
288,2.7445209251707468,2.089993778152845,-0.7028248734142056,0.0045131032971377,0.0987555804611438,0.7974307320604277,8.753249758715183,65.33377744940805,25.18481480422897
289,2.704898237180309,2.062690993317035,-0.6953421745981488,0.0038463593398987,0.102427571698898,0.7987489830546018,8.815505413149713,65.41382662086437,25.200437850311022
290,2.4913619426118228,1.9161405022404776,-0.6549881270953587,-0.0003297097453682,0.123176236550848,0.8058585649778863,9.14957674533291,65.84296827085734,25.28373769551766
291,2.360597679962465,1.819039910282921,-0.644917703154099,-0.0057874078641237,0.1392347633688892,0.8103463505979759,9.34509074356736,66.07813553750319,25.336256295592342
292,2.2306694984436035,1.7224388122558594,-0.6351531744003296,-0.0112580517306923,0.1552459150552749,0.814807653427124,9.53920517257287,66.31134346685063,25.388463973999023
293,2.2306694984436035,1.7224388122558594,-0.6351531744003296,-0.0112580517306923,0.1552459150552749,0.814807653427124,9.53920517257287,66.31134346685063,25.388463973999023
294,1.9634954929351809,1.4727483987808228,-0.5926735401153564,0.0064976494759321,0.1907237023115158,0.8249375820159912,9.868056892539268,66.74203615259621,25.467988967895508
295,1.791699230670929,1.3342183828353882,-0.5698688924312592,0.0147737981751561,0.1995273157954216,0.8274738490581512,10.000224718109896,66.92135713641301,25.510711669921875
296,1.6199029684066772,1.1956883668899536,-0.5470642447471619,0.0230499468743801,0.2083309292793274,0.8300101161003113,10.132392543680524,67.1006781202298,25.55343437194824
297,1.4597353339195251,1.0729837715625763,-0.510503277182579,0.0254358425736427,0.19261384755373,0.834563672542572,10.227790499141316,67.23467938238059,25.59060764312744
298,1.299567699432373,0.950279176235199,-0.4739423096179962,0.0278217382729053,0.1768967658281326,0.8391172289848328,10.323188452411344,67.36868064523871,25.62778091430664
299,1.2571010751239324,0.9238520527290086,-0.4629919549166146,0.0264143695644402,0.1772891298189001,0.8405319533105624,10.350335683255304,67.40226119437953,25.637778007378014
300,1.0211753845214844,0.7770346999168396,-0.40215665102005,0.0185956545174121,0.1794689297676086,0.8483915328979492,10.501153629223976,67.58881979804532,25.69331741333008
301,0.8868936002254486,0.6705962419509888,-0.361989602446556,0.0196654638275503,0.1899513527750968,0.8530590236186981,10.577473327767551,67.6823491640538,25.721933364868164
302,0.7526118159294128,0.5641577839851379,-0.3218225538730621,0.0207352731376886,0.2004337757825851,0.857726514339447,10.653793028501887,67.7758785307696,25.75054931640625
303,0.6323266327381134,0.4659061729907989,-0.2825677841901779,0.0213216813281178,0.1957005709409713,0.862413763999939,10.704978639121702,67.84240829580368,25.78124618530273
304,0.512041449546814,0.3676545619964599,-0.2433130145072937,0.021908089518547,0.1909673660993576,0.8671010136604309,10.756164249741518,67.90893806083776,25.81194305419922
305,0.3883838951587677,0.2721439525485039,-0.2075021490454673,0.0254344297572969,0.1839971914887428,0.8703839480876923,10.784214673204598,67.95137109300109,25.832253456115723
306,0.2647263407707214,0.1766333431005478,-0.171691283583641,0.028960769996047,0.177027016878128,0.8736668825149536,10.81226509885844,67.9938041244571,25.852563858032227
307,0.1846886090934276,0.1119014397263526,-0.1569091379642486,0.0241922661662101,0.1569933742284774,0.8779906332492828,10.826394736615889,68.01943157876134,25.865381240844727
308,0.1046508774161338,0.0471695363521575,-0.1421269923448562,0.0194237623363733,0.1369597315788269,0.8823143839836121,10.8405243765641,68.04505903306557,25.878198623657227
309,0.0878695487755081,0.0386168554551519,-0.1425539772894422,0.0185410706484216,0.1343530608435808,0.8835032935869895,10.844673345157608,68.04801011655492,25.88361410367287
310,-0.0053600547835229,-0.0088980384171009,-0.1449261158704757,0.0136372279375791,0.1198715567588806,0.8901083469390869,10.86772316921658,68.06440502687249,25.91370010375977
311,-0.0305581255815922,-0.0321201868355274,-0.1381579041481017,0.0052649911958724,0.1059646159410476,0.8952615857124329,10.87541646007339,68.06905868018376,25.93428421020508
312,-0.0557561963796614,-0.0553423352539539,-0.1313896924257278,-0.0031072455458342,0.0920576751232147,0.9004148244857788,10.883109753120962,68.0737123327877,25.95486831665039
313,-0.0557561963796615,-0.0553423352539539,-0.1313896924257278,-0.0031072455458343,0.0920576751232147,0.9004148244857788,10.883109753120962,68.0737123327877,25.95486831665039
314,-0.043456782773137,-0.046869646012783,0.4501878008246422,0.0085469513665884,0.0871705293655395,0.9093077421188356,10.89270047515416,68.07975884531115,25.92166900634766
315,-0.0412580692139102,-0.048269728413928,1.0140830979275344,-0.0030400646878546,0.0862378896256187,0.9105725617864024,10.89717923908641,68.08025680359509,25.798331869307475
316,-0.0404175519943237,-0.0506348721683025,1.518401861190796,-0.0160521119832992,0.0858443304896354,0.910852074623108,10.90062684571576,68.08008117102816,25.677474975585938
317,-0.0298224380239844,-0.0538946483284234,2.036805510520935,0.0026140501722693,0.0734855011105537,0.911806881427765,10.90204877387646,68.08003262815188,25.45608806610108
318,-0.0192273240536451,-0.0571544244885444,2.555209159851074,0.0212802123278379,0.061126671731472,0.912761688232422,10.90347070203716,68.0799840852756,25.23470115661621
319,-0.0231349090607756,-0.0579377237675535,2.704064377352722,0.0199262234581331,0.0657400745484563,0.911546662831918,10.90738247667212,68.08098470695667,25.13759154947395
320,-0.0461207032203674,-0.0625453665852546,3.579683303833008,0.0119615830481052,0.0928777381777763,0.9043994545936584,10.9303929283304,68.08687071513941,24.56635856628418
321,-0.0939098149538039,-0.0497299898415803,3.677641987800598,0.0502448100596666,0.0927456654608249,0.9067942202091216,10.945922562515666,68.09245315722812,24.16876983642578
322,-0.1416989266872406,-0.0369146130979061,3.775600671768189,0.088528037071228,0.0926135927438736,0.909188985824585,10.96145219670093,68.09803559931682,23.771181106567383
323,-0.1416989266872406,-0.0369146130979061,3.775600671768189,0.088528037071228,0.0926135927438736,0.909188985824585,10.96145219670093,68.09803559931682,23.771181106567383
324,-0.2185127884149551,-0.1428257972002029,3.766968011856079,-0.1345488727092742,0.0721268579363823,0.9039536118507384,10.985967350135276,68.07553107618303,22.98068046569824
325,-0.1693838723003864,-0.201035626232624,3.7765471935272217,-0.0503799021244049,0.0485742948949337,0.908722847700119,10.959956834149445,68.06851176311757,22.587035179138184
326,-0.1202549561858176,-0.2592454552650451,3.786126375198364,0.0337890684604643,0.0250217318534851,0.9134920835494996,10.933946320354378,68.06149244934478,22.193389892578125
327,-0.0771883595734834,-0.245598867535591,3.8087904453277583,-0.0306821018457412,-0.0174757130444049,0.9066560864448548,10.922390647815314,68.06159924381406,21.797014236450195
328,-0.0341217629611492,-0.231952279806137,3.831454515457153,-0.095153272151947,-0.059973157942295,0.89982008934021,10.910834973085487,68.061706037576,21.400638580322266
329,-0.0469849833239943,-0.2354043328155904,3.836799439737352,-0.0757680667911545,-0.0468830030916605,0.9018727338920204,10.903997902688705,68.06510240004759,21.284424119076487
330,-0.1184473186731338,-0.254582405090332,3.8664934635162354,0.0319275185465811,0.0258400794118642,0.9132763147354126,10.866014187512016,68.08397108162423,20.6387882232666
331,-0.1076582185924052,-0.2082352042198181,3.9067461490631104,0.0304247280582784,0.0180834024213254,0.9079073667526244,10.855056470711585,68.07727215125925,20.244824409484863
332,-0.0968691185116767,-0.1618880033493042,3.946998834609986,0.0289219375699758,0.0103267254307865,0.9025384187698364,10.844098749529625,68.07057322089427,19.850860595703125
333,-0.0968691185116767,-0.1618880033493042,3.946998834609986,0.0289219375699758,0.0103267254307866,0.9025384187698364,10.844098749529625,68.07057322089427,19.850860595703125
334,-0.1654332429170608,-0.177212044596672,4.054259300231934,0.0067383316345512,-0.0332266502082347,0.919958472251892,10.825545966942352,68.03571936499708,19.08738136291504
335,-0.0935846343636512,-0.1460524015128612,3.914423584938049,-0.005090121878311,-0.0645000766962766,0.9124483466148376,10.80812996493611,68.02564184365312,18.71799945831299
336,-0.0217360258102417,-0.1148927584290504,3.774587869644165,-0.0169185753911733,-0.0957735031843185,0.9049382209777832,10.790713965120633,68.01556432230915,18.348617553710938
337,-0.0153151089325547,-0.0585946899373084,3.683224320411682,-0.0001041525974869,-0.0731434281915426,0.9139272570610046,10.789679225919496,68.02564184365312,18.052885055541992
338,-0.0088941920548677,-0.0022966214455664,3.591860771179199,0.0167102701961993,-0.0505133531987667,0.922916293144226,10.788644491099886,68.03571936499708,17.757152557373047
339,-0.0089426931562059,-0.0016899611189235,3.557665461200779,0.0141318417043263,-0.0464215166235374,0.9209576804759138,10.789827501171205,68.03610343082455,17.67419850624214
340,-0.0092121437191963,0.0016803740290924,3.3676915168762207,-0.0001927610283018,-0.0236890912055969,0.9100764989852904,10.796399771799228,68.03823712750834,17.213342666625977
341,-0.0494702160358428,0.0584472491755149,3.159101724624634,0.0721312390742241,0.0331131480634212,0.9099403619766234,10.796865164441604,68.05608152461728,16.905667304992676
342,-0.0897282883524894,0.1152141243219375,2.950511932373047,0.1444552391767501,0.0899153873324394,0.9098042249679564,10.797330554893216,68.07392592243356,16.597991943359375
343,-0.0897282883524894,0.1152141243219375,2.950511932373047,0.1444552391767501,0.0899153873324394,0.9098042249679564,10.797330554893216,68.07392592243356,16.597991943359375
344,-0.1144574806094169,0.1495762765407562,2.4471216201782227,-0.1561984866857528,0.053372573107481,0.9160277843475342,10.838494958462244,68.02887156929283,16.136701583862305
345,-0.0074019245803356,0.0880364989861845,2.3597023487091064,-0.088929527439177,0.0373030873015522,0.9209094047546388,10.828710259661042,68.03809473488265,15.930514812469482
346,0.0996536314487457,0.0264967214316129,2.2722830772399902,-0.0216605681926012,0.0212336014956235,0.9257910251617432,10.81892556085984,68.04731789976515,15.72432804107666
347,0.0923952125012874,0.0084289805963635,2.246082067489624,0.0113557195290923,0.0378880081698298,0.9174881279468536,10.81209820649895,68.07427219598839,15.51762866973877
348,0.0851367935538292,-0.0096387602388857,2.219881057739258,0.0443720072507858,0.0545424148440361,0.909185230731964,10.805270849947297,68.10122649150429,15.31092929840088
349,0.005615547299385,0.0221212096512317,2.180593490600586,0.0383650679141282,0.0715293623507022,0.9098620414733888,10.804713905300416,68.10346917606624,15.102763175964355
350,-0.073905698955059,0.0538811795413494,2.141305923461914,0.0323581285774707,0.0885163098573684,0.9105388522148132,10.804156958462771,68.10571186062819,14.894597053527832
351,-0.1030646376311778,0.0508260298520326,2.137209177017212,0.0100307050161063,0.0551519393920898,0.9152492582798004,10.814745606108122,68.08811988732467,14.694940567016602
352,-0.1322235763072967,0.0477708801627159,2.1331124305725098,-0.0122967185452579,0.0217875689268112,0.9199596643447876,10.825334251562708,68.07052791402113,14.495284080505373
353,-0.1322235763072967,0.0477708801627159,2.1331124305725098,-0.012296718545258,0.0217875689268112,0.9199596643447876,10.825334251562708,68.07052791402113,14.495284080505373
354,-0.1011319980025291,0.0695201084017753,2.047299861907959,0.0196779537945985,0.0313847996294498,0.9069119095802308,10.850970926910668,68.05749250686166,14.08984088897705
355,-0.0816071275621652,0.0683868378400802,2.021320402622223,-0.0038989624008536,0.0507955718785524,0.9084909558296204,10.854187670887836,68.05113985005151,13.894908905029297
356,-0.0620822571218013,0.0672535672783851,1.9953409433364868,-0.0274758785963058,0.070206344127655,0.91007000207901,10.857404414865009,68.04478719253405,13.699976921081545
357,-0.0433995146304368,0.0613887589424848,1.9857383966445925,-0.0205502961762249,0.075781300663948,0.9086889624595642,10.860409441271768,68.04928874450289,13.520095348358154
358,-0.0247167721390723,0.0555239506065845,1.9761358499526973,-0.013624713756144,0.081356257200241,0.9073079228401184,10.863414469869294,68.05379029647173,13.340213775634766
359,-0.03013026720639,0.0492601145879696,1.9790714413432748,-0.0173609466686591,0.0777270368979138,0.9082318392850584,10.86649244431736,68.05355235369193,13.280063338198904
360,-0.0602052398025989,0.0144610255956649,1.9953802824020384,-0.0381177961826324,0.0575647018849849,0.9133647084236144,10.883592310394956,68.05223044888808,12.945894241333008
361,-0.0295382913900539,-0.0107860788702965,1.978868544101715,-0.0398228652775287,0.0700442064553498,0.9131487607955932,10.88605851195932,68.05368673871293,12.757901668548584
362,0.001128657022491,-0.0360331833362579,1.962356805801392,-0.041527934372425,0.0825237110257148,0.912932813167572,10.888524715714444,68.05514302712312,12.56990909576416
363,0.001128657022491,-0.0360331833362579,1.962356805801392,-0.041527934372425,0.0825237110257148,0.912932813167572,10.888524715714444,68.05514302712312,12.56990909576416
364,-0.0488679558038711,-0.0763207077980041,1.962478756904602,0.0231126472353935,0.0785483419895172,0.9082121253013612,10.885806745042313,68.06402315516125,12.191191673278809
365,-0.0355643844231962,-0.0657407194375991,1.9305889010429385,0.0014566583558917,0.0637710224837064,0.9090110659599304,10.880016033655997,68.06568656121104,12.002044200897217
366,-0.0222608130425213,-0.0551607310771942,1.8986990451812744,-0.02019933052361,0.0489937029778956,0.9098100066184998,10.87422532226968,68.06734996726082,11.812896728515623
367,-0.0226064575836062,-0.0526013821363448,1.8825918436050413,-0.0279492484405636,0.0601263027638196,0.9090218544006348,10.871866886550102,68.06664123942818,11.63288640975952
368,-0.022952102124691,-0.0500420331954956,1.8664846420288088,-0.0356991663575172,0.0712589025497436,0.9082337021827698,10.86950844863976,68.06593251230287,11.452876091003418
369,-0.0244925621992502,-0.0484406058795941,1.8642298971485889,-0.0337703270662543,0.0677698713082533,0.9083246721161736,10.869442767360816,68.06570210605057,11.398600920652733
370,-0.0335540920495986,-0.0390204451978206,1.8509666919708248,-0.0224242135882377,0.0472461581230163,0.9088597893714904,10.869056406509838,68.0643467752795,11.07933521270752
371,-0.0269840704277157,-0.0609855111688375,1.8478541374206543,-0.0185869662091135,0.0490088127553462,0.9122239649295806,10.858068172374573,68.07583527886784,10.899718284606934
372,-0.0204140488058328,-0.0829505771398544,1.844741582870484,-0.0147497188299893,0.0507714673876762,0.9155881404876708,10.84707993385778,68.08732378316351,10.720101356506348
373,-0.0204140488058328,-0.0829505771398544,1.844741582870484,-0.0147497188299894,0.0507714673876762,0.9155881404876708,10.84707993385778,68.08732378316351,10.720101356506348
374,0.0491698607802391,-0.0837459489703178,1.8564759492874143,0.0631070733070373,0.046189472079277,0.9039714932441713,10.827201546597102,68.12848175299457,10.342432975769045
375,-0.0219677500426769,-0.0154881980270147,1.82555228471756,0.0448998184874653,0.0811879858374595,0.9034464657306672,10.836419762167369,68.12654327041012,10.17233657836914
376,-0.0931053608655929,0.0527695529162883,1.794628620147705,0.0266925636678933,0.116186499595642,0.9029214382171632,10.8456379799284,68.12460478711834,10.002240180969238
377,-0.0938028097152709,-0.0073695499449968,1.8405713438987727,-0.0448732813820242,0.0958071798086165,0.9100910723209382,10.849790276291584,68.11398358471132,9.83931589126587
378,-0.094500258564949,-0.067508652806282,1.8865140676498413,-0.1164391264319419,0.0754278600215911,0.9172607064247132,10.853942577036296,68.10336238159698,9.6763916015625
379,-0.0984691562036336,-0.062501903939045,1.880420288797152,-0.0761772699780382,0.0699629102975634,0.917710999311027,10.84686169000306,68.1062018990155,9.624857546919484
380,-0.1205185875296592,-0.0346866324543952,1.8465659618377688,0.1474997103214263,0.0396020784974098,0.9202126264572144,10.807523427977053,68.12197699484202,9.338557243347168
381,-0.2178469710052012,0.02571926638484,1.8654579520225525,0.1025344058871269,0.0621158741414546,0.9187687337398528,10.833959282877132,68.09566346684903,9.162145614624023
382,-0.3151753544807434,0.0861251652240753,1.8843499422073364,0.0575691014528274,0.0846296697854995,0.9173248410224916,10.860395137777214,68.0693499374414,8.985733985900879
383,-0.3151753544807434,0.0861251652240753,1.8843499422073364,0.0575691014528274,0.0846296697854995,0.9173248410224916,10.860395137777214,68.0693499374414,8.985733985900879
384,-0.1998345404863357,0.0307929124683141,1.860428094863892,-0.0896274372935295,0.0115484977141021,0.9135380387306212,10.890325253805043,68.00535735235202,8.616826057434082
385,-0.1781289875507354,0.0138817152474075,1.825105667114258,-0.0705900788307189,0.0386167247779666,0.9126577079296112,10.876209919542148,68.01556432230915,8.447392463684082
386,-0.1564234346151352,-0.0030294819734989,1.789783239364624,-0.0515527203679084,0.0656849518418312,0.9117773771286012,10.862094585279252,68.02577129155895,8.277958869934082
387,-0.1009562350809574,-0.0607466257642954,1.8081064820289607,-0.0696360133588313,0.039243577979505,0.9108240604400636,10.851287546998034,68.0174413180048,8.121088743209839
388,-0.0454890355467796,-0.1184637695550918,1.8264297246932983,-0.0877193063497543,0.0128022041171788,0.909870743751526,10.840480508716812,68.00911134374333,7.964218616485596
389,-0.0416204542300458,-0.1127798481512877,1.816889461824449,-0.0810053195109811,0.011621533072222,0.9102842858282189,10.839482832851694,68.00734898602268,7.912646956362967
390,-0.0201283358037471,-0.0812025070190429,1.7638880014419556,-0.0437053926289081,0.0050622494891285,0.912581741809845,10.833940210090551,67.99755811514108,7.626137733459473
391,0.024996692314744,-0.0991923920810222,1.7191211581230164,-0.0470150988548993,0.0168875115923583,0.9102222621440887,10.826169672914556,68.00872947132474,7.440108060836792
392,0.0701217204332351,-0.1171822771430015,1.6743543148040771,-0.0503248050808906,0.0287127736955881,0.9078627824783324,10.818399131357031,68.01990082750842,7.254078388214111
393,0.0701217204332351,-0.1171822771430015,1.6743543148040771,-0.0503248050808906,0.0287127736955881,0.9078627824783324,10.818399131357031,68.01990082750842,7.254078388214111
394,0.1163232326507568,-0.1076821759343147,1.586957335472107,0.0284802801907061,0.0426104851067066,0.8960517644882202,10.793519673678103,68.06509109985393,6.899174690246582
395,0.056844157516025,-0.068061358295381,1.5747352242469788,0.0476922001689672,0.0605543684214353,0.8994929790496826,10.79372853011145,68.07790320935814,6.7337915897369385
396,-0.0026349176187067,-0.0284405406564473,1.5625131130218506,0.0669041201472282,0.078498251736164,0.902934193611145,10.79393738435403,68.09071531815502,6.568408489227295
397,-0.0119771711761131,-0.0082538714632392,1.5623149275779724,0.0488376915454864,0.0709625147283076,0.9113754630088806,10.794384657191925,68.09150171430677,6.403874397277832
398,-0.0213194247335195,0.011932797729969,1.5621167421340942,0.0307712629437446,0.0634267777204513,0.9198167324066162,10.79483193002982,68.09228811116586,6.239340305328369
399,-0.0266108294455413,0.0226947556321437,1.5593764201188698,0.0267513119914114,0.0619972841416158,0.9183846920983404,10.798343800514164,68.09248090056164,6.193390442774846
400,-0.0577367395162582,0.0860003903508186,1.5432568788528442,0.0031045416835694,0.0535884983837604,0.909960925579071,10.819001854196928,68.09361495237754,5.923097133636475
401,-0.0572206173092126,0.0681219231337308,1.5452691912651062,0.0060491963522508,0.0614490341395139,0.911084532737732,10.81680172742565,68.10175399113704,5.765190362930298
402,-0.0567044951021671,0.0502434559166431,1.5472815036773682,0.0089938510209321,0.0693095698952674,0.9122081398963928,10.81460159846361,68.10989302989657,5.607283592224121
403,-0.0567044951021671,0.0502434559166431,1.5472815036773682,0.0089938510209321,0.0693095698952674,0.9122081398963928,10.81460159846361,68.10989302989657,5.607283592224121
404,-0.0904587730765342,0.0472614169120788,1.5778104066848757,-0.0114836459979414,0.0738008096814155,0.911094069480896,10.826076210564324,68.09389973833623,5.30733060836792
405,-0.0784239023923873,0.0328530631959438,1.5842169523239136,-0.0107567533850669,0.0633856263011693,0.9111151993274688,10.82277554501174,68.09529777586076,5.1480796337127686
406,-0.0663890317082405,0.0184447094798088,1.5906234979629517,-0.0100298607721924,0.0529704429209232,0.9111363291740416,10.819474877268394,68.09669581338528,4.988828659057617
407,-0.0588132981210947,0.001196407712996,1.5942662358283997,-0.0196476937271653,0.068771855905652,0.9108124673366548,10.826155365038474,68.09812297705997,4.834308862686157
408,-0.0512375645339489,-0.0160518940538167,1.5979089736938477,-0.0292655266821384,0.0845732688903808,0.9104886054992676,10.83283585499932,68.09955014002733,4.679789066314697
409,-0.0511209514583939,-0.0202404421484358,1.5971224475129742,-0.0272656234718911,0.0836755068641956,0.9104748836187558,10.831915105601924,68.09915889274853,4.658896557638578
410,-0.0494550503790378,-0.0800768435001373,1.5858863592147827,0.0013044223887845,0.0708503350615501,0.910278856754303,10.81876152744665,68.09356964550439,4.360432147979736
411,-0.0497919817765553,-0.0800521916576793,1.5863331783385504,0.002370862800273,0.0694698929077102,0.910152242297218,10.816970709773472,68.09371265491582,4.34637569245838
412,-0.0565306097269058,-0.0795591548085212,1.5952695608139038,0.0236996710300445,0.0418610498309135,0.9076199531555176,10.78115433221153,68.09657283748571,4.06524658203125
413,-0.0565306097269058,-0.0795591548085212,1.5952695608139038,0.0236996710300445,0.0418610498309135,0.9076199531555176,10.78115433221153,68.09657283748571,4.06524658203125
414,-0.095429316163063,0.0251410808414219,1.597614288330078,0.0302903465926647,0.0317287035286426,0.9117600917816162,10.785800634778488,68.09444989069824,3.754873752593994
415,-0.0948574633574952,0.0246572640590944,1.5976130471510044,0.029363737094636,0.0318716395573288,0.9118369572302876,10.78597902645532,68.09424353555293,3.748714082381305
416,-0.0662648230791091,0.0004664249427149,1.5975509881973269,-0.016966737806797,0.03901844099164,0.9156802296638488,10.79489868916438,68.08392577475108,3.440730571746826
417,-0.0510889600743265,-0.0130527293202284,1.5648492504568663,0.0102581274421776,0.0353001447431011,0.9124853622679616,10.784795352582677,68.09477021256893,3.2792010494306973
418,-0.0359130970695439,-0.0265718835831719,1.5321475127164057,0.0374829926911522,0.0315818484945623,0.9092904948720744,10.774692009428684,68.10561464967945,3.117671527114569
419,-0.0372756333002503,-0.0234369746637793,1.5297109113549283,0.0354982284864164,0.0337462690922448,0.9090431512526748,10.775547485029138,68.10594218200173,3.094473038079604
420,-0.0701018124818801,0.0378242768347263,1.5109020471572876,-0.0157310850918293,0.0722988098859787,0.9070506691932678,10.79654091392515,68.1041714311853,2.815517902374268
421,-0.0706238352413315,0.0383279808227298,1.508650807501043,-0.0144049056887047,0.0718010097959087,0.9071513778955034,10.796866237915694,68.10441725708094,2.806741936692914
422,-0.0880245938897132,0.0551181137561798,1.4336094856262207,0.0298010744154453,0.0552076734602451,0.9105083346366882,10.80771035048675,68.11261143662651,2.514209747314453
423,-0.0880245938897132,0.0551181137561798,1.4336094856262207,0.0298010744154453,0.0552076734602451,0.9105083346366882,10.80771035048675,68.11261143662651,2.514209747314453
424,-0.0880245938897132,0.0551181137561798,1.4336094856262207,0.0298010744154453,0.0552076734602451,0.9105083346366882,10.80771035048675,68.11261143662651,2.514209747314453
425,-0.1149624697864055,0.0375807993113994,1.1993537545204165,-0.0043438960165076,0.0477370750159024,0.9089976847171783,10.830820742582778,68.08972180577832,2.1332253217697144
426,-0.1274064779281616,0.0219895355403422,1.1197082996368408,0.0001048402264132,0.023644346743822,0.9089584350585938,10.832452477968156,68.07718153751297,2.0182478427886963
427,-0.1257286318219624,0.0205117686150165,1.1165342926979065,-0.0007267870367706,0.0253788741448749,0.9090024187014654,10.832784943847544,68.07629531685366,2.010487959935115
428,-0.0837824791669845,-0.0164324045181274,1.0371841192245483,-0.0215174686163663,0.0687420591711998,0.9101020097732544,10.841096584259926,68.0541398060297,1.816490888595581
429,-0.0790250727699862,-0.0218122485611173,1.0254759346997295,-0.0211101245411015,0.067941939941159,0.9100980008089984,10.840292105251022,68.0543521960556,1.8009698655870223
430,-0.0195574928075075,-0.0890602990984916,0.8791236281394958,-0.0160183236002922,0.057940449565649,0.9100478887557985,10.830236137356598,68.0570070773916,1.6069570779800415
431,-0.0076464670710266,-0.0874577499926089,0.8041291832923889,-0.0026884223334491,0.0618844162672757,0.909594625234604,10.820622145034053,68.06610079436825,1.518481969833374
432,0.0042645586654543,-0.0858552008867263,0.729134738445282,0.0106414789333939,0.0658283829689025,0.9091413617134094,10.81100815490227,68.07519451205224,1.4300068616867063
433,0.0042645586654543,-0.0858552008867263,0.729134738445282,0.0106414789333939,0.0658283829689025,0.9091413617134094,10.81100815490227,68.07519451205224,1.4300068616867063
434,-0.001061962917447,-0.1019030660390853,0.5888931155204773,0.0381399318575859,0.0506685376167297,0.9100632667541504,10.792970357269551,68.09614565960864,1.2703592777252195
435,-0.0031467751384926,-0.1013030613271089,0.5841707231906744,0.0386669589922978,0.0501494970745764,0.9101097239897802,10.791391439000147,68.09622606668275,1.2652882200021007
436,-0.0552670806646347,-0.0863029435276985,0.4661109149456024,0.0518426373600959,0.0371734835207462,0.9112711548805236,10.751918491028102,68.09823624353551,1.1385117769241333
437,-0.0583166065155912,-0.0814621386827405,0.465248488778368,0.0510329273657513,0.0364369123217162,0.91133549344649,10.750956241998706,68.09794498557054,1.1312278027928204
438,-0.0922002270817756,-0.0276754181832074,0.4556659758090973,0.0420361496508121,0.02825278788805,0.9120503664016724,10.740264589037544,68.09470878721724,1.0502947568893433
439,-0.0941170688907978,-0.0172978307483559,0.4483023028252488,0.0391100880579422,0.0265682233907913,0.9118398357245882,10.740834564345414,68.09164416210368,1.0343544341750064
440,-0.1047661900520324,0.0403554327785968,0.4073930084705353,0.0228541903197765,0.0172095317393541,0.9106702208518982,10.744001085070533,68.0746184688359,0.945797085762024
441,-0.0912760160863399,0.0612807441502809,0.3809388279914856,0.0162123925983905,0.0249554915353655,0.9105680882930756,10.756895714986216,68.07213630448106,0.9050560295581818
442,-0.0777858421206474,0.082206055521965,0.3544846475124359,0.0095705948770046,0.032701451331377,0.9104659557342528,10.76979034928343,68.06965414012622,0.8643149733543396
443,-0.0777858421206474,0.082206055521965,0.3544846475124359,0.0095705948770046,0.032701451331377,0.9104659557342528,10.76979034928343,68.06965414012622,0.8643149733543396
444,-0.0396571271121501,0.062536135315895,0.3280758261680603,0.0069527220912277,0.0563505217432975,0.912459135055542,10.789470371676916,68.08190638713707,0.8015421032905579
445,-0.039974338446672,0.0619187367936738,0.3285580965188833,0.0072356110187963,0.0566370994425736,0.9123942233048952,10.790158926437952,68.0823290848297,0.7994191990448878
446,-0.0479046218097209,0.0464837737381458,0.3406148552894592,0.0143078342080116,0.0638015419244766,0.9107714295387268,10.807372747267078,68.09289651653549,0.7463465929031372
447,-0.0604354273527859,0.0278714322485029,0.3518510311841964,0.0174812609329819,0.0679161250591277,0.9099956154823304,10.81485146160718,68.09393533649266,0.7117450535297394
448,-0.0729662328958511,0.00925909075886,0.3630872070789337,0.0206546876579523,0.0720307081937789,0.9092198014259338,10.822330178138046,68.0949741557425,0.6771435141563416
449,-0.0765604503128839,-0.0038304304623085,0.3603408932685852,0.0185772747449252,0.0719188493878944,0.9085051287775454,10.8213977322546,68.09550095300342,0.6676994717639425
450,-0.1005218997597694,-0.0910939052700996,0.3420321345329284,0.0047278553247451,0.0711731240153312,0.903740644454956,10.815181434397765,68.09901293097053,0.6047391891479492
451,-0.174541626125574,-0.097529612481594,0.3345084786415099,0.0219832453876733,0.042254717554897,0.9051332771778108,10.797789276660891,68.08668625305836,0.5716964900493622
452,-0.2485613524913786,-0.1039653196930885,0.3269848227500915,0.0392386354506015,0.0133363110944627,0.9065259099006652,10.780397114542495,68.07435957373154,0.5386537909507751
453,-0.2485613524913787,-0.1039653196930885,0.3269848227500915,0.0392386354506015,0.0133363110944628,0.9065259099006652,10.780397114542495,68.07435957373154,0.5386537909507751
454,0.0,0.0,0.0,-0.0083855353295803,-0.040180467069149,0.7665302753448486,11.006436062705495,68.21807913895161,0.0