time,speed_vx,speed_vy,speed_vz,angle_phi,angle_theta,angle_psi,product_gps_longitude,product_gps_latitude,altitude
0,0,0,0,-0.021382853388786316,0.07750407606363297,1.0279810428619385,117.45159116666771,39.25510733333375,0
51,0,0,0,-0.021382853388786316,0.07750407606363297,1.0279810428619385,117.45159116666771,39.25510733333375,0
51,0,0,0,-0.021382853388786316,0.07750407606363297,1.0279810428619385,117.45159116666771,39.25510733333375,0
200,0,0,0,-0.02139337733387947,0.07749777287244797,1.0280065536499023,117.45159116666771,39.25510733333375,0
400,0,0,0,-0.021387679502367973,0.07748930901288986,1.027941346168518,117.45159116666771,39.25510733333375,0
451,0,0,0,-0.021387679502367973,0.07748930901288986,1.027941346168518,117.45159116666771,39.25510733333375,0
451,0,0,0,-0.021387679502367973,0.07748930901288986,1.027941346168518,117.45159116666771,39.25510733333375,0
600,0,0,0,-0.021358218044042587,0.07755354046821594,1.0280344486236572,117.4515910000006,39.25510733333375,0
651,0,0,0,-0.021358218044042587,0.07755354046821594,1.0280344486236572,117.4515910000006,39.25510733333375,0
652,0,0,0,-0.021358218044042587,0.07755354046821594,1.0280344486236572,117.4515910000006,39.25510733333375,0
748,0,0,0,-0.021358218044042587,0.07755354046821594,1.0280344486236572,117.4515910000006,39.25510733333375,0
800,0,0,0,-0.021563325077295303,0.07739289104938507,1.0278087854385376,117.4515910000006,39.25510750000047,0
1000,0,0,0,-0.021412409842014313,0.07742628455162048,1.0279051065444946,117.45159083333348,39.25510750000047,0
1200,0,0,0,-0.02138126641511917,0.07747361063957214,1.0278687477111816,117.45159083333348,39.25510750000047,0
1400,0,0,0,-0.021589798852801323,0.07740744948387146,1.027711272239685,117.45159066666915,39.25510733333375,0
1600,0,0,0,-0.021511685103178024,0.0778147503733635,1.0274046659469604,117.45159050000204,39.255107166667024,4.419813194544986e-05
1748,0,0,0,-0.021511685103178024,0.0778147503733635,1.0274046659469604,117.45159050000204,39.255107166667024,4.419813194544986e-05
1800,0,0,0,-0.023944979533553123,0.07591284811496735,1.025183916091919,117.45159050000204,39.255107166667024,6.567709351656958e-05
1883,0,0,0,-0.023944979533553123,0.07591284811496735,1.025183916091919,117.45159050000204,39.255107166667024,6.567709351656958e-05
2000,-0.024490628391504288,-0.041697703301906586,-0.23224081099033356,0.006147402338683605,0.03071887604892254,1.0125623941421509,117.45159033333493,39.25510733333375,0.015592620708048344
2200,-0.04903614893555641,-0.02282344549894333,-0.7319240570068359,-0.01902397722005844,-0.04009604826569557,1.0054130554199219,117.45159016666783,39.25510750000047,0.11514317989349365
2400,0.01099618524312973,0.06172849237918854,-0.9224430918693542,-0.03965677320957184,-0.01584271341562271,1.016740322113037,117.45159033333493,39.25510750000047,0.28272750973701477
2600,0.026721416041254997,0.06706202030181885,-0.9924283623695374,-0.005982480477541685,0.04248113930225372,1.023637056350708,117.45159050000204,39.25510766666719,0.47560447454452515
2748,0.026721416041254997,0.06706202030181885,-0.9924283623695374,-0.005982480477541685,0.04248113930225372,1.023637056350708,117.45159050000204,39.25510766666719,0.47560447454452515
2800,0.06299090385437012,0.0047576334327459335,-0.8519929051399231,-0.0038097891956567764,0.042082566767930984,1.0348378419876099,117.45159033333493,39.255107833333916,0.6677985191345215
3000,0.040220655500888824,-0.07317831367254257,-0.5394760966300964,0.009973609820008278,0.037045709788799286,1.03384530544281,117.45159016666783,39.255107833333916,0.806056022644043
3139,0.040220655500888824,-0.07317831367254257,-0.5394760966300964,0.009973609820008278,0.037045709788799286,1.03384530544281,117.45159016666783,39.255107833333916,0.806056022644043
3200,-0.020541399717330933,-0.0640881285071373,-0.3083280026912689,0.009192370809614658,0.008677865378558636,1.0318236351013184,117.45159000000072,39.255107833333916,0.8922436833381653
3393,-0.020541399717330933,-0.0640881285071373,-0.3083280026912689,0.009192370809614658,0.008677865378558636,1.0318236351013184,117.45159000000072,39.255107833333916,0.8922436833381653
3400,-0.01976053975522518,-0.029054004698991776,-0.14525458216667175,-0.013931462541222572,-0.005217998754233122,1.0313783884048462,117.45159000000072,39.255107833333916,0.9418203830718994
3454,-0.01976053975522518,-0.029054004698991776,-0.14525458216667175,-0.013931462541222572,-0.005217998754233122,1.0313783884048462,117.45159000000072,39.255107833333916,0.9418203830718994
3454,-0.01976053975522518,-0.029054004698991776,-0.14525458216667175,-0.013931462541222572,-0.005217998754233122,1.0313783884048462,117.45159000000072,39.255107833333916,0.9418203830718994
3600,-0.04188962280750275,-0.011574719101190567,-0.005644023884087801,0.012985399924218655,0.013921461999416351,1.030044436454773,117.45158983333361,39.255107833333916,0.9626031517982483
3748,-0.04188962280750275,-0.011574719101190567,-0.005644023884087801,0.012985399924218655,0.013921461999416351,1.030044436454773,117.45158983333361,39.255107833333916,0.9626031517982483
3800,0.004450139589607716,0.02636217698454857,0.013310865499079227,-0.031407274305820465,-0.025473205372691154,0.11191956698894501,117.45159005768764,39.25510776440286,0.9721716642379761
4000,0.05694711580872536,0.009923284873366356,0.05308980494737625,-0.04598905146121979,0.007957597263157368,0.10875456780195236,117.45159025525697,39.25510784289134,0.9820880889892578
4056,0.05694711580872536,0.009923284873366356,0.05308980494737625,-0.04598905146121979,0.007957597263157368,0.10875456780195236,117.45159025525697,39.25510784289134,0.9820880889892578
4056,0.05694711580872536,0.009923284873366356,0.05308980494737625,-0.04598905146121979,0.007957597263157368,0.10875456780195236,117.45159025525697,39.25510784289134,0.9820880889892578
4139,0.05694711580872536,0.009923284873366356,0.05308980494737625,-0.04598905146121979,0.007957597263157368,0.10875456780195236,117.45159025525697,39.25510784289134,0.9820880889892578
4200,0.10292575508356094,-0.011550884693861008,0.052310481667518616,-0.016502466052770615,0.036099281162023544,0.11134416610002518,117.4515903232474,39.25510806279352,0.977703869342804
4400,0.04345826804637909,-0.010038662701845169,0.05718615651130676,-0.005752692464739084,0.08472239226102829,0.15222324430942535,117.45159033434008,39.25510831888631,0.9683460593223572
4600,-0.07343920320272446,-0.023792127147316933,0.01764988899230957,-0.02035520225763321,0.06981277465820312,0.13572901487350464,117.45159032853068,39.2551084068972,0.9651829600334167
4748,-0.07343920320272446,-0.023792127147316933,0.01764988899230957,-0.02035520225763321,0.06981277465820312,0.13572901487350464,117.45159032853068,39.2551084068972,0.9651829600334167
4800,-0.07011018693447113,-0.07037566602230072,0.008277916349470615,-0.01997498981654644,0.007417189422994852,0.17782454192638397,117.45159025110345,39.255108416633796,0.9684608578681946
5000,-0.020061012357473373,-0.0754408985376358,0.00945550948381424,0.018531186506152153,0.014885229989886284,0.16934677958488464,117.45159007743072,39.25510849788623,0.971436619758606
5140,-0.020061012357473373,-0.0754408985376358,0.00945550948381424,0.018531186506152153,0.014885229989886284,0.16934677958488464,117.45159007743072,39.25510849788623,0.971436619758606
5200,-0.041015058755874634,-0.01447136327624321,0.031755220144987106,0.014001132920384407,0.0356258749961853,0.17034602165222168,117.45159007115613,39.255108505423216,0.976104199886322
5400,-0.041948478668928146,0.02589622512459755,0.03213707357645035,0.007930135354399681,0.023819029331207275,0.1059132069349289,117.45159005855712,39.255108561454,0.9801093339920044
5600,-0.01767738349735737,0.06421025097370148,0.046559032052755356,-0.0016942351358011365,0.009961334057152271,0.18218505382537842,117.45159010406313,39.25510862347972,0.981505274772644
5748,-0.01767738349735737,0.06421025097370148,0.046559032052755356,-0.0016942351358011365,0.009961334057152271,0.18218505382537842,117.45159010406313,39.25510862347972,0.981505274772644
5800,-0.009063308127224445,0.09209757298231125,0.052073489874601364,-0.01779298111796379,0.03807516396045685,0.1653948724269867,117.45159036757383,39.25510869271864,0.9813123345375061
5926,-0.009063308127224445,0.09209757298231125,0.052073489874601364,-0.01779298111796379,0.03807516396045685,0.1653948724269867,117.45159036757383,39.25510869271864,0.9813123345375061
6000,-0.021367566660046577,0.05917348712682724,-0.044917576014995575,-0.04723845794796944,0.03490889072418213,0.1755109578371048,117.45159067615303,39.25510871868244,0.9843569397926331
6140,-0.021367566660046577,0.05917348712682724,-0.044917576014995575,-0.04723845794796944,0.03490889072418213,0.1755109578371048,117.45159067615303,39.25510871868244,0.9843569397926331
6200,0.018712980672717094,-0.04889130964875221,-1.0704596042633057,-0.05775735154747963,0.017240263521671295,0.1180570125579834,117.45159069971736,39.25510885780967,1.0928360223770142
6400,0.003602961078286171,-0.03909320756793022,-2.1884765625,0.016892768442630768,0.04575775936245918,0.11965913325548172,117.4515905517688,39.25510905110048,1.422072172164917
6600,-0.0488458052277565,0.05542471259832382,-3.318894863128662,-0.008707283064723015,0.04306720569729805,0.13113638758659363,117.45159058892347,39.255109122224106,1.9749338626861572
6748,-0.0488458052277565,0.05542471259832382,-3.318894863128662,-0.008707283064723015,0.04306720569729805,0.13113638758659363,117.45159058892347,39.255109122224106,1.9749338626861572
6800,-0.05044008418917656,0.020275095477700233,-4.507545471191406,-0.05144212767481804,0.014352915808558464,0.14078621566295624,117.45159064789799,39.255109059488525,2.7610251903533936
7000,0.0025140668731182814,-0.035077229142189026,-5.544718265533447,-0.0314842090010643,0.025138409808278084,0.14774756133556366,117.45159048709566,39.25510901849646,3.7519876956939697
7141,0.0025140668731182814,-0.035077229142189026,-5.544718265533447,-0.0314842090010643,0.025138409808278084,0.14774756133556366,117.45159048709566,39.25510901849646,3.7519876956939697
7145,0.0025140668731182814,-0.035077229142189026,-5.544718265533447,-0.0314842090010643,0.025138409808278084,0.14774756133556366,117.45159048709566,39.25510901849646,3.7519876956939697
7200,-0.03149857372045517,-0.042235396802425385,-5.813601493835449,0.003615858731791377,0.040354277938604355,0.1578831523656845,117.45159024917068,39.25510901455335,4.896627902984619
7400,-0.03242168202996254,0.018429050222039223,-5.925817012786865,0.0076863570138812065,0.007910762913525105,0.16133643686771393,117.45159003695325,39.25510891385773,6.075207710266113
7600,0.01905563659965992,0.04012569785118103,-5.955643653869629,-0.01548049971461296,-0.005886659491807222,0.16580753028392792,117.45159004005454,39.255108856245336,7.267232418060303
7748,0.01905563659965992,0.04012569785118103,-5.955643653869629,-0.01548049971461296,-0.005886659491807222,0.16580753028392792,117.45159004005454,39.255108856245336,7.267232418060303
7800,0.06670712679624557,0.036453284323215485,-5.26648473739624,0.00046835796092636883,0.016367560252547264,0.17204239964485168,117.45159005921614,39.25510898352548,8.40829849243164
8000,0.08742265403270721,0.07277762144804001,-4.151847839355469,0.01442191656678915,0.03657855838537216,0.1744634211063385,117.45159009933919,39.25510910915239,9.352909088134766
8141,0.08742265403270721,0.07277762144804001,-4.151847839355469,0.01442191656678915,0.03657855838537216,0.1744634211063385,117.45159009933919,39.25510910915239,9.352909088134766
8141,0.08742265403270721,0.07277762144804001,-4.151847839355469,0.01442191656678915,0.03657855838537216,0.1744634211063385,117.45159009933919,39.25510910915239,9.352909088134766
8161,0.08742265403270721,0.07277762144804001,-4.151847839355469,0.01442191656678915,0.03657855838537216,0.1744634211063385,117.45159009933919,39.25510910915239,9.352909088134766
8200,0.13914692401885986,0.07497190684080124,-2.982731342315674,-0.012175780721008778,0.05496905744075775,0.17442329227924347,117.45159011684491,39.255109411847236,10.06656265258789
8231,0.13914692401885986,0.07497190684080124,-2.982731342315674,-0.012175780721008778,0.05496905744075775,0.17442329227924347,117.45159011684491,39.255109411847236,10.06656265258789
8400,0.20203521847724915,0.05796166509389877,-1.7962442636489868,-0.018614575266838074,-0.10591069608926773,0.17127418518066406,117.4515902072533,39.25510978560249,10.539497375488281
8600,0.5347747802734375,0.07685694843530655,-0.6088670492172241,-0.0024645195808261633,-0.39837169647216797,0.17521052062511444,117.45159017280673,39.255110382756705,10.775823593139648
8748,0.5347747802734375,0.07685694843530655,-0.6088670492172241,-0.0024645195808261633,-0.39837169647216797,0.17521052062511444,117.45159017280673,39.255110382756705,10.775823593139648
8800,0.9439635872840881,0.15641449391841888,0.6513267755508423,0.01332116313278675,-0.5068254470825195,0.1722531020641327,117.45159048946593,39.25511177535419,10.76962947845459
9000,2.006190061569214,0.39162155985832214,1.0692317485809326,0.012825126759707928,-0.5861614942550659,0.15981782972812653,117.45159116438603,39.255114531437705,10.573887825012207
9142,2.006190061569214,0.39162155985832214,1.0692317485809326,0.012825126759707928,-0.5861614942550659,0.15981782972812653,117.45159116438603,39.255114531437705,10.573887825012207
9200,3.2309417724609375,0.5757009387016296,0.6819606423377991,0.000345004751579836,-0.34505921602249146,0.16901996731758118,117.45159201670596,39.255119397405345,10.411558151245117
9400,3.8733298778533936,0.7576932311058044,0.43606144189834595,0.02092069759964943,-0.19259412586688995,0.17151887714862823,117.45159399661927,39.25512672566027,10.305936813354492
9600,4.188483715057373,0.8327320218086243,0.25354790687561035,-0.018002696335315704,-0.14003293216228485,0.17389337718486786,117.45159641587028,39.25513445255172,10.243988037109375
9748,4.188483715057373,0.8327320218086243,0.25354790687561035,-0.018002696335315704,-0.14003293216228485,0.17389337718486786,117.45159641587028,39.25513445255172,10.243988037109375
9800,4.444193363189697,0.8139141798019409,0.1629399061203003,-0.023358453065156937,-0.24481205642223358,0.17781436443328857,117.45159802849571,39.25514190455295,10.217548370361328
10000,4.957033157348633,0.9081876277923584,0.13644446432590485,0.002878593048080802,-0.3715791404247284,0.16969867050647736,117.45159985686074,39.25515014215569,10.201068878173828
10142,4.957033157348633,0.9081876277923584,0.13644446432590485,0.002878593048080802,-0.3715791404247284,0.16969867050647736,117.45159985686074,39.25515014215569,10.201068878173828
10200,5.590512752532959,1.0091339349746704,0.11429554969072342,-0.006549525074660778,-0.39149078726768494,0.16966696083545685,117.45160186374981,39.255159385728696,10.183758735656738
10400,6.092692852020264,1.0809580087661743,0.051739662885665894,-0.012713381089270115,-0.26331937313079834,0.17477664351463318,117.45160413702936,39.25516995205624,10.171456336975098
10600,6.178715705871582,1.1173574924468994,0.015455369837582111,-0.005752562545239925,-0.11777704954147339,0.1748766452074051,117.4516066306617,39.2551808659963,10.172890663146973
10748,6.178715705871582,1.1173574924468994,0.015455369837582111,-0.005752562545239925,-0.11777704954147339,0.1748766452074051,117.4516066306617,39.2551808659963,10.172890663146973
10800,6.03709077835083,1.0746378898620605,0.056550972163677216,-0.015668191015720367,-0.04414945840835571,0.17386434972286224,117.45160896228442,39.25519148554748,10.174450874328613
11000,5.797774314880371,1.0306938886642456,0.06716173142194748,-0.012269188649952412,0.03600426763296127,0.173421248793602,117.45161127969656,39.25520196350124,10.178031921386719
11143,5.797774314880371,1.0306938886642456,0.06716173142194748,-0.012269188649952412,0.03600426763296127,0.173421248793602,117.45161127969656,39.25520196350124,10.178031921386719
11200,5.436350345611572,0.9811927676200867,0.08719240874052048,-0.009137745015323162,0.097714863717556,0.17524659633636475,117.45161352755653,39.255211790053075,10.19633960723877
11400,5.02400541305542,0.9248627424240112,0.11775791645050049,-0.025545744225382805,0.11924536526203156,0.1768002212047577,117.45161574031646,39.25522088227161,10.198090553283691
11600,4.6031951904296875,0.8349314332008362,0.1117209792137146,-0.024431386962532997,0.14094139635562897,0.17520137131214142,117.45161764346155,39.25522923171673,10.194425582885742
11748,4.6031951904296875,0.8349314332008362,0.1117209792137146,-0.024431386962532997,0.14094139635562897,0.17520137131214142,117.45161764346155,39.25522923171673,10.194425582885742
11800,4.179834365844727,0.7264941930770874,0.09173218905925751,-0.021973544731736183,0.1476934850215912,0.17443391680717468,117.45161919212268,39.25523686875102,10.193175315856934
12000,3.775048017501831,0.6415902972221375,0.07642882317304611,-0.008983259089291096,0.15728914737701416,0.17647989094257355,117.45162053532832,39.25524379245042,10.187625885009766
12143,3.775048017501831,0.6415902972221375,0.07642882317304611,-0.008983259089291096,0.15728914737701416,0.17647989094257355,117.45162053532832,39.25524379245042,10.187625885009766
12200,3.368906259536743,0.5942606329917908,0.026847155764698982,-0.012229891493916512,0.17212361097335815,0.17498452961444855,117.45162195407273,39.2552500199862,10.168964385986328
12288,3.368906259536743,0.5942606329917908,0.026847155764698982,-0.012229891493916512,0.17212361097335815,0.17498452961444855,117.45162195407273,39.2552500199862,10.168964385986328
12288,3.368906259536743,0.5942606329917908,0.026847155764698982,-0.012229891493916512,0.17212361097335815,0.17498452961444855,117.45162195407273,39.2552500199862,10.168964385986328
12400,2.9707956314086914,0.5291600823402405,-0.012780092656612396,-0.012845460325479507,0.16577288508415222,0.17575162649154663,117.45162317386884,39.25525551439649,10.160587310791016
12483,2.9707956314086914,0.5291600823402405,-0.012780092656612396,-0.012845460325479507,0.16577288508415222,0.17575162649154663,117.45162317386884,39.25525551439649,10.160587310791016
12483,2.9707956314086914,0.5291600823402405,-0.012780092656612396,-0.012845460325479507,0.16577288508415222,0.17575162649154663,117.45162317386884,39.25525551439649,10.160587310791016
12600,2.6183860301971436,0.4472508430480957,-0.03579831123352051,-0.015009935013949871,0.1599976271390915,0.1753035932779312,117.45162411180122,39.25526037616226,10.159639358520508
12748,2.6183860301971436,0.4472508430480957,-0.03579831123352051,-0.015009935013949871,0.1599976271390915,0.1753035932779312,117.45162411180122,39.25526037616226,10.159639358520508
12800,2.2768378257751465,0.3849249482154846,-0.042839739471673965,0.002686904277652502,0.15755648910999298,0.1741906702518463,117.45162486091435,39.2552645979057,10.158748626708984
13001,1.9732890129089355,0.37743711471557617,-0.0048636929132044315,0.0032579756807535887,0.15471874177455902,0.17549355328083038,117.45162569903475,39.25526834387427,10.18405818939209
13144,1.9732890129089355,0.37743711471557617,-0.0048636929132044315,0.0032579756807535887,0.15471874177455902,0.17549355328083038,117.45162569903475,39.25526834387427,10.18405818939209
13200,1.7030057907104492,0.3444027304649353,0.031808558851480484,-0.0055045681074261665,0.15887966752052307,0.17706072330474854,117.45162647964821,39.25527171159491,10.188260078430176
13400,1.4399504661560059,0.29672402143478394,0.05804792791604996,-0.012549145147204399,0.14735901355743408,0.1759670078754425,117.4516272048758,39.255274491068924,10.18704605102539
13600,1.2118825912475586,0.21037457883358002,0.033462442457675934,-0.014428755268454552,0.14057347178459167,0.17509125173091888,117.45162749979824,39.2552768869399,10.189349174499512
13748,1.2118825912475586,0.21037457883358002,0.033462442457675934,-0.014428755268454552,0.14057347178459167,0.17509125173091888,117.45162749979824,39.2552768869399,10.189349174499512
13800,1.0189692974090576,0.18215128779411316,0.06119079887866974,0.012090764008462429,0.12585587799549103,0.17548124492168427,117.4516278134835,39.25527886978387,10.201454162597656
14000,0.8474505543708801,0.20028623938560486,0.09171001613140106,0.0021980577148497105,0.13452769815921783,0.17287997901439667,117.45162837922682,39.25528054101313,10.193110466003418
14144,0.8474505543708801,0.20028623938560486,0.09171001613140106,0.0021980577148497105,0.13452769815921783,0.17287997901439667,117.45162837922682,39.25528054101313,10.193110466003418
14200,0.7003604173660278,0.21033243834972382,0.12810535728931427,0.0013887303648516536,0.14663143455982208,0.17440763115882874,117.45162896994113,39.25528199217377,10.224048614501953
14401,0.5159487724304199,0.19889722764492035,0.13502950966358185,-0.03406709432601929,0.13177484273910522,0.17295096814632416,117.45162970569099,39.25528292218667,10.210380554199219
14600,0.4190811514854431,0.10717134922742844,0.10376953333616257,-0.04661520570516586,0.10288220643997192,0.17548073828220367,117.45163012247228,39.25528366532388,10.206061363220215
14748,0.4190811514854431,0.10717134922742844,0.10376953333616257,-0.04661520570516586,0.10288220643997192,0.17548073828220367,117.45163012247228,39.25528366532388,10.206061363220215
14800,0.34061944484710693,0.04764528572559357,0.09653576463460922,-0.035310328006744385,0.09952935576438904,0.1724110245704651,117.45163040130117,39.255284271527564,10.19933032989502
15000,0.29617905616760254,0.00459601916372776,0.10797888785600662,-0.028042320162057877,0.08602692931890488,0.1750788688659668,117.45163053364355,39.25528481178197,10.199527740478516
15145,0.29617905616760254,0.00459601916372776,0.10797888785600662,-0.028042320162057877,0.08602692931890488,0.1750788688659668,117.45163053364355,39.25528481178197,10.199527740478516
15200,0.27692702412605286,-0.00023380831407848746,0.0799984484910965,-0.01715385913848877,0.08974069356918335,0.1739995926618576,117.45163070963672,39.255285446871206,10.195667266845703
15400,0.22258612513542175,-0.010661336593329906,0.054917626082897186,-0.03127487003803253,0.10601217299699783,0.1742134392261505,117.45163102878803,39.25528593984644,10.195466041564941
15479,0.22258612513542175,-0.010661336593329906,0.054917626082897186,-0.03127487003803253,0.10601217299699783,0.1742134392261505,117.45163102878803,39.25528593984644,10.195466041564941
15579,0.22258612513542175,-0.010661336593329906,0.054917626082897186,-0.03127487003803253,0.10601217299699783,0.1742134392261505,117.45163102878803,39.25528593984644,10.195466041564941
15600,0.14907696843147278,-0.04364291578531265,0.03775011748075485,-0.012478470802307129,0.10041432827711105,0.17372381687164307,117.45163107037865,39.25528626519816,10.187324523925781
15800,0.12440820783376694,-0.041824162006378174,-0.006429641041904688,-0.010295432060956955,0.08990177512168884,0.19586214423179626,117.45163115739223,39.2552865151273,10.193915367126465
16000,0.0825287476181984,-0.057581618428230286,0.06625092774629593,-0.012957083061337471,0.10202348232269287,0.32845863699913025,117.45163124541374,39.25528668828054,10.212388038635254
16145,0.0825287476181984,-0.057581618428230286,0.06625092774629593,-0.012957083061337471,0.10202348232269287,0.32845863699913025,117.45163124541374,39.25528668828054,10.212388038635254
16200,0.07204141467809677,-0.08282976597547531,0.09385967254638672,-0.0015494765248149633,0.09139931201934814,0.5251289010047913,117.45163142781439,39.25528678250419,10.223367691040039
16400,0.05706169828772545,-0.10849633812904358,0.12067105621099472,0.031420398503541946,0.08229347318410873,0.7312110066413879,117.45163138174904,39.255286856529786,10.232190132141113
16600,0.060934118926525116,-0.12214209884405136,0.11972513794898987,0.04842656850814819,0.07202324271202087,0.9371850490570068,117.45163131927448,39.25528693442619,10.219757080078125
16748,0.060934118926525116,-0.12214209884405136,0.11972513794898987,0.04842656850814819,0.07202324271202087,0.9371850490570068,117.45163131927448,39.25528693442619,10.219757080078125
16800,0.030015498399734497,-0.12704415619373322,0.10235857963562012,0.08694964647293091,0.05083952099084854,1.1378942728042603,117.45163118212508,39.25528694500543,10.213020324707031
17000,-0.006207249127328396,-0.10418993979692459,0.038860347121953964,0.09729565680027008,0.011040262877941132,1.3156189918518066,117.45163104422252,39.25528691239459,10.193110466003418
17080,-0.006207249127328396,-0.10418993979692459,0.038860347121953964,0.09729565680027008,0.011040262877941132,1.3156189918518066,117.45163104422252,39.25528691239459,10.193110466003418
17080,-0.006207249127328396,-0.10418993979692459,0.038860347121953964,0.09729565680027008,0.011040262877941132,1.3156189918518066,117.45163104422252,39.25528691239459,10.193110466003418
17146,-0.006207249127328396,-0.10418993979692459,0.038860347121953964,0.09729565680027008,0.011040262877941132,1.3156189918518066,117.45163104422252,39.25528691239459,10.193110466003418
17200,-0.05118853598833084,-0.046525903046131134,-0.025266239419579506,0.08394845575094223,0.007407012861222029,1.4520106315612793,117.45163109944225,39.25528671585642,10.181174278259277
17400,-0.059642259031534195,-0.05384248495101929,-0.04968830198049545,0.06308503448963165,0.01083501148968935,1.5519025325775146,117.45163105836113,39.25528643370934,10.177366256713867
17600,-0.018030989915132523,-0.05046496167778969,-0.02355317398905754,0.05921447277069092,-0.010439123027026653,1.6205612421035767,117.4516310203536,39.255286368342134,10.18498420715332
17748,-0.018030989915132523,-0.05046496167778969,-0.02355317398905754,0.05921447277069092,-0.010439123027026653,1.6205612421035767,117.4516310203536,39.255286368342134,10.18498420715332
17800,-0.0009876571130007505,-0.03022080473601818,-0.017404310405254364,0.05349957197904587,-0.018582601100206375,1.6691439151763916,117.45163104691402,39.25528626332096,10.179802894592285
18000,0.033233460038900375,0.007309055887162685,-0.03165818750858307,0.06240195035934448,0.0008555562817491591,1.6972378492355347,117.45163132677298,39.25528632090289,10.182230949401855
18096,0.033233460038900375,0.007309055887162685,-0.03165818750858307,0.06240195035934448,0.0008555562817491591,1.6972378492355347,117.45163132677298,39.25528632090289,10.182230949401855
18146,0.033233460038900375,0.007309055887162685,-0.03165818750858307,0.06240195035934448,0.0008555562817491591,1.6972378492355347,117.45163132677298,39.25528632090289,10.182230949401855
18151,0.033233460038900375,0.007309055887162685,-0.03165818750858307,0.06240195035934448,0.0008555562817491591,1.6972378492355347,117.45163132677298,39.25528632090289,10.182230949401855
18200,0.05292009562253952,-0.013468276709318161,-0.035192884504795074,0.07416769862174988,-0.003494727425277233,1.7180310487747192,117.45163147894705,39.25528645115708,10.18555736541748
18400,-0.0036614241544157267,0.284830778837204,-0.013068119995296001,0.0689786821603775,-0.330005019903183,1.7352327108383179,117.45163175034945,39.255286433156364,10.191276550292969
18600,-0.10510555654764175,1.0360277891159058,0.009078191593289375,0.08588724583387375,-0.3979218006134033,1.7303537130355835,117.451633526297,39.25528641335121,10.19511890411377
18748,-0.10510555654764175,1.0360277891159058,0.009078191593289375,0.08588724583387375,-0.3979218006134033,1.7303537130355835,117.451633526297,39.25528641335121,10.19511890411377
18800,-0.2670060396194458,1.7260832786560059,0.01497199758887291,0.08386607468128204,-0.3562544584274292,1.7307703495025635,117.45163727035077,39.25528587178713,10.200765609741211
19000,-0.37767910957336426,2.329770803451538,0.0267251655459404,0.04946739599108696,-0.3369634747505188,1.7259801626205444,117.4516424756146,39.25528492908496,10.208106994628906
19146,-0.37767910957336426,2.329770803451538,0.0267251655459404,0.04946739599108696,-0.3369634747505188,1.7259801626205444,117.4516424756146,39.25528492908496,10.208106994628906
19200,-0.40066468715667725,2.8308637142181396,0.036591868847608566,0.05097999796271324,-0.3644309341907501,1.7210034132003784,117.45164806145208,39.25528413721339,10.212743759155273
19400,-0.4360087513923645,3.4500348567962646,0.0660960003733635,0.0533386692404747,-0.417824387550354,1.7187505960464478,117.4516551761079,39.25528339809251,10.21225643157959
19600,-0.5001378655433655,4.128706455230713,0.07173293083906174,0.07660581171512604,-0.42911213636398315,1.7169493436813354,117.45166406777459,39.255282473536575,10.20524787902832
19748,-0.5001378655433655,4.128706455230713,0.07173293083906174,0.07660581171512604,-0.42911213636398315,1.7169493436813354,117.45166406777459,39.255282473536575,10.20524787902832
19800,-0.5946422815322876,4.790069580078125,0.07881548255681992,0.0803636908531189,-0.41340410709381104,1.7166955471038818,117.45167454222222,39.255281322363665,10.19945240020752
20000,-0.7063174843788147,5.336056709289551,0.05864943191409111,0.09748867154121399,-0.40968087315559387,1.713790774345398,117.45168629436057,39.25527999965278,10.19174575805664
20147,-0.7063174843788147,5.336056709289551,0.05864943191409111,0.09748867154121399,-0.40968087315559387,1.713790774345398,117.45168629436057,39.25527999965278,10.19174575805664
20200,-0.8226498365402222,5.84819221496582,0.04779750108718872,0.09960553795099258,-0.4218444526195526,1.711512565612793,117.45169888165647,39.25527859107104,10.186676025390625
20400,-0.9168756604194641,6.170951843261719,0.014751345850527287,0.055237337946891785,-0.298649400472641,1.712826132774353,117.45171270449865,39.25527683456756,10.188464164733887
20600,-0.8888240456581116,6.240948677062988,0.02920970506966114,0.03020051307976246,-0.16265234351158142,1.7134519815444946,117.45172687712854,39.255275030086416,10.19571304321289
20748,-0.8888240456581116,6.240948677062988,0.02920970506966114,0.03020051307976246,-0.16265234351158142,1.7134519815444946,117.45172687712854,39.255275030086416,10.19571304321289
20800,-0.7756516933441162,6.0510406494140625,0.024958506226539612,0.030851218849420547,-0.04462576285004616,1.7085334062576294,117.45174078574377,39.25527349036282,10.20911979675293
21000,-0.662702202796936,5.7473344802856445,0.07677285373210907,0.06567822396755219,-0.004445617087185383,1.7072757482528687,117.45175411541301,39.25527220595257,10.22325325012207
21148,-0.662702202796936,5.7473344802856445,0.07677285373210907,0.06567822396755219,-0.004445617087185383,1.7072757482528687,117.45175411541301,39.25527220595257,10.22325325012207
21200,-0.6589694023132324,5.37772798538208,0.12054619938135147,0.09701717644929886,0.052048031240701675,1.7064334154129028,117.45176663708322,39.25527101214255,10.228671073913574
21400,-0.677191972732544,4.951409339904785,0.13217177987098694,0.07632207125425339,0.07776323705911636,1.7052034139633179,117.45177828739929,39.25526967840131,10.223679542541504
21600,-0.5924940705299377,4.5621337890625,0.11301238089799881,0.04760996252298355,0.10029557347297668,1.7074490785598755,117.45178916039703,39.25526854809585,10.231986999511719
21748,-0.5924940705299377,4.5621337890625,0.11301238089799881,0.04760996252298355,0.10029557347297668,1.7074490785598755,117.45178916039703,39.25526854809585,10.231986999511719
21800,-0.5529857873916626,4.109569549560547,0.12999074161052704,0.08489060401916504,0.13457833230495453,1.7101777791976929,117.4517991161414,39.255267574849206,10.227452278137207
22000,-0.5445605516433716,3.6113507747650146,0.15608181059360504,0.059157103300094604,0.13065320253372192,1.712418556213379,117.4518078350879,39.255266524113615,10.231199264526367
22148,-0.5445605516433716,3.6113507747650146,0.15608181059360504,0.059157103300094604,0.13065320253372192,1.712418556213379,117.4518078350879,39.255266524113615,10.231199264526367
22148,-0.5445605516433716,3.6113507747650146,0.15608181059360504,0.059157103300094604,0.13065320253372192,1.712418556213379,117.4518078350879,39.255266524113615,10.231199264526367
22200,-0.4771212339401245,3.1926934719085693,0.18065205216407776,0.0373254232108593,0.11068907380104065,1.7134199142456055,117.45181557907475,39.25526565625194,10.230340957641602
22400,-0.42305898666381836,2.812199831008911,0.16039542853832245,0.03216051310300827,0.09211581945419312,1.707207441329956,117.45182240117843,39.25526486016032,10.221948623657227
22600,-0.3682527244091034,2.4935576915740967,0.15897142887115479,0.018832683563232422,0.08500216156244278,1.7074342966079712,117.45182849505291,39.255264096082904,10.230483055114746
22748,-0.3682527244091034,2.4935576915740967,0.15897142887115479,0.018832683563232422,0.08500216156244278,1.7074342966079712,117.45182849505291,39.255264096082904,10.230483055114746
22800,-0.29971522092819214,2.2214198112487793,0.17349395155906677,0.014280388131737709,0.09272128343582153,1.7110439538955688,117.45183394844278,39.25526349504515,10.229053497314453
23000,-0.22931697964668274,1.908075213432312,0.10374230891466141,0.02760895900428295,0.11332257091999054,1.712201476097107,117.45183874677194,39.255263115502096,10.204712867736816
23149,-0.22931697964668274,1.908075213432312,0.10374230891466141,0.02760895900428295,0.11332257091999054,1.712201476097107,117.45183874677194,39.255263115502096,10.204712867736816
23200,-0.21537476778030396,1.6106362342834473,0.05400746315717697,0.028712032362818718,0.10536506026983261,1.7116485834121704,117.45184284983425,39.255262723051494,10.197861671447754
23400,-0.20451869070529938,1.3506696224212646,0.05012606084346771,0.01981915533542633,0.08710824698209763,1.709681749343872,117.45184625058536,39.25526227184026,10.198701858520508
23600,-0.15851765871047974,1.1584739685058594,0.02367577515542507,0.007935836911201477,0.07873598486185074,1.7101831436157227,117.45184927995595,39.25526196972795,10.191976547241211
23748,-0.15851765871047974,1.1584739685058594,0.02367577515542507,0.007935836911201477,0.07873598486185074,1.7101831436157227,117.45184927995595,39.25526196972795,10.191976547241211
23800,-0.12165338546037674,0.9640021920204163,0.02254997193813324,0.010417835786938667,0.0771293118596077,1.7108745574951172,117.45185178188427,39.25526172455728,10.194731712341309
24000,-0.09123288840055466,0.8049074411392212,0.022030595690011978,0.017260104417800903,0.07806353271007538,1.7092982530593872,117.45185402503138,39.255261538685666,10.195377349853516
24149,-0.09123288840055466,0.8049074411392212,0.022030595690011978,0.017260104417800903,0.07806353271007538,1.7092982530593872,117.45185402503138,39.255261538685666,10.195377349853516
24200,-0.08186211436986923,0.6335776448249817,0.022497927770018578,0.02632617950439453,0.07250874489545822,1.7113771438598633,117.45185579879694,39.25526135971166,10.19141960144043
24400,-0.07357826828956604,0.5017985701560974,0.028937198221683502,0.018201010301709175,0.06126338616013527,1.7105324268341064,117.45185724891985,39.25526116666595,10.207079887390137
24600,-0.0487213134765625,0.3865947127342224,0.028779111802577972,0.014682218432426453,0.05494562163949013,1.7100911140441895,117.45185838913443,39.2552610298925,10.191479682922363
24748,-0.0487213134765625,0.3865947127342224,0.028779111802577972,0.014682218432426453,0.05494562163949013,1.7100911140441895,117.45185838913443,39.2552610298925,10.191479682922363
24800,-0.02118847891688347,0.295880526304245,0.024109316989779472,0.02539292722940445,0.04397302120923996,1.7116024494171143,117.45185929099205,39.25526097846603,10.195140838623047
25000,-0.03027540259063244,0.2049562782049179,0.03645041584968567,0.02246781997382641,0.04423728212714195,1.7115157842636108,117.45185995938836,39.255260818758764,10.201016426086426
25139,-0.03027540259063244,0.2049562782049179,0.03645041584968567,0.02246781997382641,0.04423728212714195,1.7115157842636108,117.45185995938836,39.255260818758764,10.201016426086426
25149,-0.03027540259063244,0.2049562782049179,0.03645041584968567,0.02246781997382641,0.04423728212714195,1.7115157842636108,117.45185995938836,39.255260818758764,10.201016426086426
25169,-0.03027540259063244,0.2049562782049179,0.03645041584968567,0.02246781997382641,0.04423728212714195,1.7115157842636108,117.45185995938836,39.255260818758764,10.201016426086426
25200,-0.002177101792767644,0.13957707583904266,0.035638097673654556,0.018858321011066437,0.023938728496432304,1.7096590995788574,117.4518604501467,39.25526082281875,10.195719718933105
25400,0.006625666748732328,0.10024181008338928,0.019116753712296486,0.02851971425116062,0.027799516916275024,1.7356542348861694,117.4518608936767,39.255260803042695,10.20456600189209
25600,0.016653703525662422,0.048219308257102966,-0.009370018728077412,0.035108137875795364,0.028292344883084297,1.8725165128707886,117.4518612463165,39.25526083719604,10.194328308105469
25748,0.016653703525662422,0.048219308257102966,-0.009370018728077412,0.035108137875795364,0.028292344883084297,1.8725165128707886,117.4518612463165,39.25526083719604,10.194328308105469
25800,0.0023663933388888836,-0.0038366063963621855,-0.02444540150463581,0.0323004312813282,0.01920725218951702,2.071103811264038,117.45186148170507,39.25526068668558,10.206522941589355
26000,0.010498594492673874,-0.05550626665353775,-0.008934158831834793,0.03039047122001648,0.0035276489797979593,2.280524492263794,117.45186144194199,39.25526064337908,10.187511444091797
26150,0.010498594492673874,-0.05550626665353775,-0.008934158831834793,0.03039047122001648,0.0035276489797979593,2.280524492263794,117.45186144194199,39.25526064337908,10.187511444091797
26200,0.02040533907711506,-0.06575708836317062,-0.044177040457725525,0.0236884206533432,-0.013955321162939072,2.4893252849578857,117.45186145208766,39.25526067677573,10.194790840148926
26400,0.019208958372473717,-0.08091674745082855,-0.01199758518487215,0.01794426143169403,-0.022989150136709213,2.6936018466949463,117.45186130065568,39.255260702823655,10.200155258178711
26600,0.012736104428768158,-0.07973317056894302,-0.009764159098267555,0.0022983148228377104,-0.026204053312540054,2.8691673278808594,117.45186113593242,39.25526065066959,10.204028129577637
26685,0.012736104428768158,-0.07973317056894302,-0.009764159098267555,0.0022983148228377104,-0.026204053312540054,2.8691673278808594,117.45186113593242,39.25526065066959,10.204028129577637
26685,0.012736104428768158,-0.07973317056894302,-0.009764159098267555,0.0022983148228377104,-0.026204053312540054,2.8691673278808594,117.45186113593242,39.25526065066959,10.204028129577637
26748,0.012736104428768158,-0.07973317056894302,-0.009764159098267555,0.0022983148228377104,-0.026204053312540054,2.8691673278808594,117.45186113593242,39.25526065066959,10.204028129577637
26800,0.014665400609374046,-0.067345529794693,0.011328727006912231,-0.0026602805592119694,-0.01972093991935253,3.003225088119507,117.45186101041844,39.255260595998045,10.20417308807373
26875,0.014665400609374046,-0.067345529794693,0.011328727006912231,-0.0026602805592119694,-0.01972093991935253,3.003225088119507,117.45186101041844,39.255260595998045,10.20417308807373
26875,0.014665400609374046,-0.067345529794693,0.011328727006912231,-0.0026602805592119694,-0.01972093991935253,3.003225088119507,117.45186101041844,39.255260595998045,10.20417308807373
27000,0.021818365901708603,-0.06121881306171417,0.016185158863663673,-0.011258282698690891,-0.015309086069464684,3.0998029708862305,117.4518607970934,39.25526050149791,10.205862998962402
27150,0.021818365901708603,-0.06121881306171417,0.016185158863663673,-0.011258282698690891,-0.015309086069464684,3.0998029708862305,117.4518607970934,39.25526050149791,10.205862998962402
27200,0.048476118594408035,-0.04748651757836342,0.03529884293675423,-0.012919483706355095,-0.02180411107838154,-3.1207921504974365,117.45186065394631,39.25526053157672,10.212611198425293
27400,0.04829210788011551,-0.023452935740351677,0.06887020170688629,-0.01756935380399227,-0.030212881043553352,-3.0762932300567627,117.45186059369252,39.25526055675153,10.226737022399902
27485,0.04829210788011551,-0.023452935740351677,0.06887020170688629,-0.01756935380399227,-0.030212881043553352,-3.0762932300567627,117.45186059369252,39.25526055675153,10.226737022399902
27485,0.04829210788011551,-0.023452935740351677,0.06887020170688629,-0.01756935380399227,-0.030212881043553352,-3.0762932300567627,117.45186059369252,39.25526055675153,10.226737022399902
27600,0.04175833240151405,0.0036663466598838568,0.06149154528975487,-0.016268057748675346,-0.030605517327785492,-3.046916961669922,117.45186060310718,39.255260582915874,10.218128204345703
27718,0.04175833240151405,0.0036663466598838568,0.06149154528975487,-0.016268057748675346,-0.030605517327785492,-3.046916961669922,117.45186060310718,39.255260582915874,10.218128204345703
27748,0.04175833240151405,0.0036663466598838568,0.06149154528975487,-0.016268057748675346,-0.030605517327785492,-3.046916961669922,117.45186060310718,39.255260582915874,10.218128204345703
27801,0.046783238649368286,0.006600881926715374,0.032952580600976944,-0.00569697143509984,-0.03264310583472252,-3.0293617248535156,117.45186056611311,39.25526066538158,10.202600479125977
27811,0.046783238649368286,0.006600881926715374,0.032952580600976944,-0.00569697143509984,-0.03264310583472252,-3.0293617248535156,117.45186056611311,39.25526066538158,10.202600479125977
28000,-0.10262862592935562,-0.023737551644444466,-0.0007956834742799401,-0.0040091401897370815,-0.2632685601711273,-3.0216548442840576,117.45186048463756,39.255260600480035,10.193689346313477
28151,-0.10262862592935562,-0.023737551644444466,-0.0007956834742799401,-0.0040091401897370815,-0.2632685601711273,-3.0216548442840576,117.45186048463756,39.255260600480035,10.193689346313477
28201,-0.8261041641235352,-0.08078430593013763,-0.02909274399280548,-0.01751093380153179,-0.41942882537841797,-3.0170669555664062,117.45186034944311,39.25525973640186,10.186433792114258
28400,-1.541853427886963,-0.15887899696826935,-0.05148554593324661,0.005952962674200535,-0.3975341022014618,-3.019299030303955,117.45186009814931,39.255257352245174,10.188385963439941
28601,-2.1834120750427246,-0.2679368853569031,-0.0486939512193203,-0.004968303255736828,-0.38038918375968933,-3.0198781490325928,117.45185940088878,39.25525359691972,10.188088417053223
28748,-2.1834120750427246,-0.2679368853569031,-0.0486939512193203,-0.004968303255736828,-0.38038918375968933,-3.0198781490325928,117.45185940088878,39.25525359691972,10.188088417053223
28800,-2.7375106811523438,-0.33148193359375,-0.06654392182826996,-0.027255533263087273,-0.38038286566734314,-3.022056818008423,117.45185840834033,39.25524900779863,10.178787231445312
29000,-3.293245792388916,-0.3756612241268158,-0.08396176248788834,-0.024158624932169914,-0.40731340646743774,-3.0264344215393066,117.45185738276304,39.25524347614999,10.170495986938477
29151,-3.293245792388916,-0.3756612241268158,-0.08396176248788834,-0.024158624932169914,-0.40731340646743774,-3.0264344215393066,117.45185738276304,39.25524347614999,10.170495986938477
29200,-3.828521251678467,-0.39302533864974976,-0.06923999637365341,-0.012031684629619122,-0.4468736946582794,-3.0276598930358887,117.45185671108823,39.25523729244458,10.165129661560059
29400,-4.445999622344971,-0.44923102855682373,-0.0788455381989479,0.009114925749599934,-0.4899783432483673,-3.028278350830078,117.45185605226165,39.25522999976682,10.1657075881958
29600,-5.0628862380981445,-0.5590423345565796,-0.05744866281747818,0.023785265162587166,-0.5125261545181274,-3.0303092002868652,117.45185510734028,39.25522152017664,10.168880462646484
29748,-5.0628862380981445,-0.5590423345565796,-0.05744866281747818,0.023785265162587166,-0.5125261545181274,-3.0303092002868652,117.45185510734028,39.25522152017664,10.168880462646484
29800,-5.6683478355407715,-0.6652308702468872,0.005052843131124973,0.010658088140189648,-0.5465991497039795,-3.032902717590332,117.45185389843193,39.25521210030718,10.173323631286621
29881,-5.6683478355407715,-0.6652308702468872,0.005052843131124973,0.010658088140189648,-0.5465991497039795,-3.032902717590332,117.45185389843193,39.25521210030718,10.173323631286621
29882,-5.6683478355407715,-0.6652308702468872,0.005052843131124973,0.010658088140189648,-0.5465991497039795,-3.032902717590332,117.45185389843193,39.25521210030718,10.173323631286621
30000,-6.22158145904541,-0.6965764760971069,-0.062247175723314285,0.001844717189669609,-0.40639325976371765,-3.0274269580841064,117.45185242115052,39.25520149055672,10.167159080505371
30152,-6.22158145904541,-0.6965764760971069,-0.062247175723314285,0.001844717189669609,-0.40639325976371765,-3.0274269580841064,117.45185242115052,39.25520149055672,10.167159080505371
30200,-6.33284854888916,-0.7136658430099487,-0.11423669010400772,0.04251430928707123,-0.24936331808567047,-3.031247615814209,117.45185116889046,39.255190448672586,10.175860404968262
30307,-6.33284854888916,-0.7136658430099487,-0.11423669010400772,0.04251430928707123,-0.24936331808567047,-3.031247615814209,117.45185116889046,39.255190448672586,10.175860404968262
30307,-6.33284854888916,-0.7136658430099487,-0.11423669010400772,0.04251430928707123,-0.24936331808567047,-3.031247615814209,117.45185116889046,39.255190448672586,10.175860404968262
30400,-6.156694412231445,-0.7662073969841003,-0.08457112312316895,0.028572117909789085,-0.1563386619091034,-3.031250238418579,117.45184971526751,39.255179639633646,10.187735557556152
30600,-5.836884021759033,-0.7519702315330505,-0.07461052387952805,0.006049108225852251,-0.10929470509290695,-3.030684232711792,117.45184810737712,39.25516930585298,10.19728946685791
30748,-5.836884021759033,-0.7519702315330505,-0.07461052387952805,0.006049108225852251,-0.10929470509290695,-3.030684232711792,117.45184810737712,39.25516930585298,10.19728946685791
30800,-5.521618843078613,-0.6926398873329163,-0.06067410111427307,0.0064172567799687386,-0.06242157518863678,-3.0323498249053955,117.45184669225458,39.255159378492756,10.198103904724121
31000,-5.120776653289795,-0.6413946151733398,-0.07232393324375153,0.02887505479156971,-0.02686886116862297,-3.034435749053955,117.45184542329181,39.25515016807265,10.198166847229004
31152,-5.120776653289795,-0.6413946151733398,-0.07232393324375153,0.02887505479156971,-0.02686886116862297,-3.034435749053955,117.45184542329181,39.25515016807265,10.198166847229004
31200,-4.704521179199219,-0.6423252820968628,-0.037338774651288986,0.031030112877488136,-0.0014848053688183427,-3.0315961837768555,117.45184410902793,39.25514159338571,10.20216178894043
31400,-4.2318830490112305,-0.6458134055137634,-0.04235762730240822,0.0025742738507688046,-0.0008729062974452972,-3.0313479900360107,117.45184266785448,39.25513391079847,10.192172050476074
31600,-3.8469464778900146,-0.5651763081550598,0.0049037933349609375,-0.03146137669682503,-0.029833819717168808,-3.031094551086426,117.4518413426696,39.255126841633576,10.2003755569458
31748,-3.8469464778900146,-0.5651763081550598,0.0049037933349609375,-0.03146137669682503,-0.029833819717168808,-3.031094551086426,117.4518413426696,39.255126841633576,10.2003755569458
31800,-3.4606096744537354,-0.4686264097690582,0.02240765653550625,-0.006914129015058279,0.009450437501072884,-3.0323293209075928,117.45184017744528,39.2551203265897,10.195027351379395
32000,-3.0744073390960693,-0.41476091742515564,0.03728867694735527,-0.011745225638151169,0.006536034867167473,-3.0309019088745117,117.4518391603744,39.255114512980875,10.198431015014648
32153,-3.0744073390960693,-0.41476091742515564,0.03728867694735527,-0.011745225638151169,0.006536034867167473,-3.0309019088745117,117.4518391603744,39.255114512980875,10.198431015014648
32200,-2.7298333644866943,-0.35030436515808105,0.03928530216217041,-0.015678098425269127,0.03126677870750427,-3.0324792861938477,117.45183826113073,39.25510923485843,10.207161903381348
32400,-2.3753345012664795,-0.27856510877609253,0.06741854548454285,-0.008444936946034431,0.05217912793159485,-3.0300867557525635,117.45183751128104,39.25510455788652,10.223820686340332
32600,-1.990325689315796,-0.2054290622472763,0.06853499263525009,-0.006904576439410448,0.051664844155311584,-3.0304408073425293,117.45183688331238,39.25510057569034,10.215092658996582
32748,-1.990325689315796,-0.2054290622472763,0.06853499263525009,-0.006904576439410448,0.051664844155311584,-3.0304408073425293,117.45183688331238,39.25510057569034,10.215092658996582
32800,-1.6473751068115234,-0.17112170159816742,0.10159710049629211,0.030232807621359825,0.015317857265472412,-3.0306084156036377,117.45183658729343,39.25509727447105,10.229140281677246
33000,-1.3928558826446533,-0.1964242160320282,0.1341552883386612,0.015282799489796162,-0.001941849011927843,-3.0311670303344727,117.45183612830125,39.2550944348667,10.232943534851074
33153,-1.3928558826446533,-0.1964242160320282,0.1341552883386612,0.015282799489796162,-0.001941849011927843,-3.0311670303344727,117.45183612830125,39.2550944348667,10.232943534851074
33200,-1.1693956851959229,-0.18185533583164215,0.14271248877048492,-0.012258789502084255,-0.013001879677176476,-3.0324079990386963,117.45183556966876,39.255091902480565,10.237153053283691
33400,-0.9754075407981873,-0.15061694383621216,0.18541371822357178,-0.022883422672748566,-0.018782205879688263,-3.0313644409179688,117.45183506969514,39.25508985634122,10.253708839416504
33600,-0.812861979007721,-0.10244325548410416,0.2287452220916748,-0.020342163741588593,-0.024379128590226173,-3.0303821563720703,117.4518348191102,39.255088108776256,10.258776664733887
33748,-0.812861979007721,-0.10244325548410416,0.2287452220916748,-0.020342163741588593,-0.024379128590226173,-3.0303821563720703,117.4518348191102,39.255088108776256,10.258776664733887
33800,-0.6692249774932861,-0.08033610135316849,0.23140013217926025,-0.01811395399272442,-0.019758203998208046,-3.0304903984069824,117.45183463865894,39.255086623289465,10.262763023376465
34000,-0.5292180776596069,-0.04551659896969795,0.2278224527835846,-0.01758391410112381,-0.02356100082397461,-3.0322329998016357,117.45183455809162,39.25508549865379,10.256257057189941
34200,-0.42826196551322937,-0.015012041665613651,0.21181578934192657,-0.009860474616289139,-0.03006226196885109,-3.0294151306152344,117.45183464424127,39.25508443141451,10.252570152282715
34400,-0.29762792587280273,-0.030802344903349876,0.18692994117736816,0.0008379420032724738,-0.030567530542612076,-3.031511068344116,117.45183458700016,39.25508370734759,10.241581916809082
34600,-0.2097223550081253,-0.037233635783195496,0.14328435063362122,-0.012440253049135208,-0.05654700845479965,-3.0312421321868896,117.45183453879712,39.255083191802335,10.231931686401367
34724,-0.2097223550081253,-0.037233635783195496,0.14328435063362122,-0.012440253049135208,-0.05654700845479965,-3.0312421321868896,117.45183453879712,39.255083191802335,10.231931686401367
34739,-0.2097223550081253,-0.037233635783195496,0.14328435063362122,-0.012440253049135208,-0.05654700845479965,-3.0312421321868896,117.45183453879712,39.255083191802335,10.231931686401367
34748,-0.2097223550081253,-0.037233635783195496,0.14328435063362122,-0.012440253049135208,-0.05654700845479965,-3.0312421321868896,117.45183453879712,39.255083191802335,10.231931686401367
34800,-0.18014034628868103,-0.018710684031248093,0.06330963969230652,-0.0062329513020813465,-0.05468949303030968,-3.030809164047241,117.45183466256108,39.25508264928147,10.209588050842285
34889,-0.18014034628868103,-0.018710684031248093,0.06330963969230652,-0.0062329513020813465,-0.05468949303030968,-3.030809164047241,117.45183466256108,39.25508264928147,10.209588050842285
34889,-0.18014034628868103,-0.018710684031248093,0.06330963969230652,-0.0062329513020813465,-0.05468949303030968,-3.030809164047241,117.45183466256108,39.25508264928147,10.209588050842285
35000,-0.1432098001241684,-0.010419338010251522,0.01854819431900978,-0.013861638493835926,-0.0507480651140213,-2.9923946857452393,117.45183467029217,39.255082177133666,10.197134971618652
35154,-0.1432098001241684,-0.010419338010251522,0.01854819431900978,-0.013861638493835926,-0.0507480651140213,-2.9923946857452393,117.45183467029217,39.255082177133666,10.197134971618652
35200,-0.09333336353302002,0.0018853660440072417,-0.04419250413775444,-0.0009675106266513467,-0.02384771965444088,-2.842799186706543,117.4518347707521,39.255081727552245,10.185991287231445
35400,-0.0024157112929970026,-0.025682594627141953,-0.10312249511480331,0.006758472882211208,-0.02946441061794758,-2.638756275177002,117.45183490483896,39.25508146275468,10.168960571289062
35600,0.06233154609799385,-0.059222426265478134,-0.1365802139043808,-0.021583959460258484,-0.023695409297943115,-2.429205894470215,117.45183483448379,39.25508135159988,10.165621757507324
35689,0.06233154609799385,-0.059222426265478134,-0.1365802139043808,-0.021583959460258484,-0.023695409297943115,-2.429205894470215,117.45183483448379,39.25508135159988,10.165621757507324
35689,0.06233154609799385,-0.059222426265478134,-0.1365802139043808,-0.021583959460258484,-0.023695409297943115,-2.429205894470215,117.45183483448379,39.25508135159988,10.165621757507324
35748,0.06233154609799385,-0.059222426265478134,-0.1365802139043808,-0.021583959460258484,-0.023695409297943115,-2.429205894470215,117.45183483448379,39.25508135159988,10.165621757507324
35800,0.08655638992786407,-0.07368584722280502,-0.14895963668823242,-0.04722559079527855,-0.02270708605647087,-2.22273588180542,117.45183465467493,39.25508134820564,10.15751838684082
36000,0.125980943441391,-0.04663971811532974,-0.18864285945892334,-0.06395189464092255,-0.003531757043674588,-2.023922920227051,117.45183453498696,39.255081453928945,10.135750770568848
36080,0.125980943441391,-0.04663971811532974,-0.18864285945892334,-0.06395189464092255,-0.003531757043674588,-2.023922920227051,117.45183453498696,39.255081453928945,10.135750770568848
36080,0.125980943441391,-0.04663971811532974,-0.18864285945892334,-0.06395189464092255,-0.003531757043674588,-2.023922920227051,117.45183453498696,39.255081453928945,10.135750770568848
36155,0.125980943441391,-0.04663971811532974,-0.18864285945892334,-0.06395189464092255,-0.003531757043674588,-2.023922920227051,117.45183453498696,39.255081453928945,10.135750770568848
36200,0.10782501846551895,-0.016989002004265785,-0.20893096923828125,-0.09619344025850296,-0.004018400330096483,-1.854465126991272,117.45183445840703,39.255081619540654,10.140863418579102
36300,0.10782501846551895,-0.016989002004265785,-0.20893096923828125,-0.09619344025850296,-0.004018400330096483,-1.854465126991272,117.45183445840703,39.255081619540654,10.140863418579102
36300,0.10782501846551895,-0.016989002004265785,-0.20893096923828125,-0.09619344025850296,-0.004018400330096483,-1.854465126991272,117.45183445840703,39.255081619540654,10.140863418579102
36400,0.08027036488056183,0.02473490498960018,-0.19369877874851227,-0.07156817615032196,-0.0009911314118653536,-1.725538969039917,117.45183462029482,39.2550816787524,10.156340599060059
36480,0.08027036488056183,0.02473490498960018,-0.19369877874851227,-0.07156817615032196,-0.0009911314118653536,-1.725538969039917,117.45183462029482,39.2550816787524,10.156340599060059
36480,0.08027036488056183,0.02473490498960018,-0.19369877874851227,-0.07156817615032196,-0.0009911314118653536,-1.725538969039917,117.45183462029482,39.2550816787524,10.156340599060059
36600,0.09302207827568054,0.03371656313538551,-0.14884965121746063,-0.05917128920555115,-0.005022362805902958,-1.633698582649231,117.45183479317006,39.255081666463305,10.164811134338379
36748,0.09302207827568054,0.03371656313538551,-0.14884965121746063,-0.05917128920555115,-0.005022362805902958,-1.633698582649231,117.45183479317006,39.255081666463305,10.164811134338379
36800,0.08988038450479507,0.021288719028234482,-0.1436653584241867,-0.0732884407043457,-0.022269638255238533,-1.5735195875167847,117.4518349810866,39.25508165337022,10.157551765441895
37000,0.06314779072999954,-0.01647944748401642,-0.167271688580513,-0.06580305099487305,-0.016724715009331703,-1.530410885810852,117.45183513462302,39.2550816736665,10.150979995727539
37080,0.06314779072999954,-0.01647944748401642,-0.167271688580513,-0.06580305099487305,-0.016724715009331703,-1.530410885810852,117.45183513462302,39.2550816736665,10.150979995727539
37080,0.06314779072999954,-0.01647944748401642,-0.167271688580513,-0.06580305099487305,-0.016724715009331703,-1.530410885810852,117.45183513462302,39.2550816736665,10.150979995727539
37155,0.06314779072999954,-0.01647944748401642,-0.167271688580513,-0.06580305099487305,-0.016724715009331703,-1.530410885810852,117.45183513462302,39.2550816736665,10.150979995727539
37200,0.08926881849765778,0.0033153246622532606,-0.16753806173801422,-0.03532804176211357,0.013312282972037792,-1.5071159601211548,117.45183508699594,39.255081661639345,10.164569854736328
37275,0.08926881849765778,0.0033153246622532606,-0.16753806173801422,-0.03532804176211357,0.013312282972037792,-1.5071159601211548,117.45183508699594,39.255081661639345,10.164569854736328
37275,0.08926881849765778,0.0033153246622532606,-0.16753806173801422,-0.03532804176211357,0.013312282972037792,-1.5071159601211548,117.45183508699594,39.255081661639345,10.164569854736328
37325,0.08926881849765778,0.0033153246622532606,-0.16753806173801422,-0.03532804176211357,0.013312282972037792,-1.5071159601211548,117.45183508699594,39.255081661639345,10.164569854736328
37400,0.12526969611644745,0.02333795092999935,-0.10737475007772446,-0.0662926509976387,-0.01744304969906807,-1.485718011856079,117.45183518734511,39.255081784359284,10.185304641723633
37505,0.12526969611644745,0.02333795092999935,-0.10737475007772446,-0.0662926509976387,-0.01744304969906807,-1.485718011856079,117.45183518734511,39.255081784359284,10.185304641723633
37600,0.0911790132522583,0.014596126973628998,-0.04859382286667824,-0.08203738182783127,-0.051904745399951935,-1.4783992767333984,117.45183528729552,39.255081866701296,10.181851387023926
37748,0.0911790132522583,0.014596126973628998,-0.04859382286667824,-0.08203738182783127,-0.051904745399951935,-1.4783992767333984,117.45183528729552,39.255081866701296,10.181851387023926
37800,0.11915131658315659,-0.44928881525993347,-0.021847207099199295,-0.06740595400333405,-0.38328248262405396,-1.4805221557617188,117.45183497871632,39.255081987045635,10.18257999420166
38000,0.1640484631061554,-1.230234980583191,-0.007184217683970928,-0.04572954773902893,-0.377983957529068,-1.4800642728805542,117.45183289220695,39.25508199475451,10.190885543823242
38156,0.1640484631061554,-1.230234980583191,-0.007184217683970928,-0.04572954773902893,-0.377983957529068,-1.4800642728805542,117.45183289220695,39.25508199475451,10.190885543823242
38200,0.2529030740261078,-1.8789044618606567,-0.0015968852676451206,-0.04975161328911781,-0.36956337094306946,-1.4795433282852173,117.45182928413404,39.25508229087507,10.190406799316406
38400,0.3137633800506592,-2.5234246253967285,0.008857451379299164,-0.0579904168844223,-0.38172194361686707,-1.4804039001464844,117.45182403348048,39.25508272894411,10.187832832336426
38600,0.34131142497062683,-3.0685813426971436,-0.009969301521778107,-0.04323604330420494,-0.3957873284816742,-1.4804843664169312,117.45181768824575,39.25508310968588,10.193398475646973
38748,0.34131142497062683,-3.0685813426971436,-0.009969301521778107,-0.04323604330420494,-0.3957873284816742,-1.4804843664169312,117.45181768824575,39.25508310968588,10.193398475646973
38800,0.4466175436973572,-3.650332450866699,0.015443314798176289,-0.02068174071609974,-0.4402678608894348,-1.4788496494293213,117.4518100453834,39.25508358783271,10.193367004394531
39000,0.5292392373085022,-4.29427433013916,0.06151379644870758,-0.060292646288871765,-0.4720590114593506,-1.4783376455307007,117.45180095071457,39.25508443310981,10.188685417175293
39156,0.5292392373085022,-4.29427433013916,0.06151379644870758,-0.060292646288871765,-0.4720590114593506,-1.4783376455307007,117.45180095071457,39.25508443310981,10.188685417175293
39156,0.5292392373085022,-4.29427433013916,0.06151379644870758,-0.060292646288871765,-0.4720590114593506,-1.4783376455307007,117.45180095071457,39.25508443310981,10.188685417175293
39200,0.5543538331985474,-4.90241813659668,0.023267820477485657,-0.07265819609165192,-0.4701141119003296,-1.4767976999282837,117.4517906963816,39.25508533682194,10.187061309814453
39400,0.5736082792282104,-5.522583484649658,0.041806917637586594,-0.060218751430511475,-0.5098616480827332,-1.4803504943847656,117.4517787700278,39.25508617355525,10.188314437866211
39600,0.6035452485084534,-6.152256011962891,0.03142014890909195,-0.06243790686130524,-0.46163734793663025,-1.480115294456482,117.4517653297308,39.25508710618386,10.18007755279541
39748,0.6035452485084534,-6.152256011962891,0.03142014890909195,-0.06243790686130524,-0.46163734793663025,-1.480115294456482,117.4517653297308,39.25508710618386,10.18007755279541
39800,0.6023725271224976,-6.4412312507629395,-0.017753105610609055,-0.06492897868156433,-0.26501983404159546,-1.4814550876617432,117.45175077077326,39.255088162523755,10.174025535583496
40000,0.5600641965866089,-6.3342461585998535,-0.0666297972202301,-0.04187845066189766,-0.1395459771156311,-1.4749834537506104,117.45173645187838,39.25508896752843,10.184581756591797
40157,0.5600641965866089,-6.3342461585998535,-0.0666297972202301,-0.04187845066189766,-0.1395459771156311,-1.4749834537506104,117.45173645187838,39.25508896752843,10.184581756591797
40200,0.5265513062477112,-6.039081573486328,-0.056220438331365585,-0.04657623916864395,-0.07310947775840759,-1.4745032787322998,117.45172294807676,39.25508962733591,10.199782371520996
40400,0.5228704214096069,-5.725081920623779,-0.006396822165697813,-0.016158463433384895,-0.06010424345731735,-1.4758275747299194,117.45170998568987,39.255090332609036,10.208529472351074
40600,0.5570933222770691,-5.390929222106934,0.013953176327049732,-0.00879592914134264,-0.015430198982357979,-1.4727489948272705,117.45169763816865,39.255091134348625,10.203526496887207
40748,0.5570933222770691,-5.390929222106934,0.013953176327049732,-0.00879592914134264,-0.015430198982357979,-1.4727489948272705,117.45169763816865,39.255091134348625,10.203526496887207
40800,0.5926964282989502,-5.004512310028076,0.01074985321611166,-0.03639237955212593,0.02914704568684101,-1.4736957550048828,117.45168597381921,39.25509203830996,10.205665588378906
41000,0.5446536540985107,-4.581959247589111,0.0239653792232275,-0.07033848762512207,0.06559646129608154,-1.4756850004196167,117.45167516724464,39.25509295833297,10.200125694274902
41157,0.5446536540985107,-4.581959247589111,0.0239653792232275,-0.07033848762512207,0.06559646129608154,-1.4756850004196167,117.45167516724464,39.25509295833297,10.200125694274902
41200,0.4275795817375183,-4.146580219268799,0.04179844632744789,-0.06762070953845978,0.0934523269534111,-1.4785689115524292,117.45166539556234,39.25509350003893,10.209430694580078
41400,0.3862512409687042,-3.714390516281128,0.07158887386322021,-0.027854613959789276,0.11050932854413986,-1.479730248451233,117.45165639511761,39.2550939648362,10.213793754577637
41600,0.37785014510154724,-3.252568006515503,0.10800601541996002,-0.03510211408138275,0.1098870187997818,-1.4794622659683228,117.45164863706417,39.25509434497042,10.218629837036133
41748,0.37785014510154724,-3.252568006515503,0.10800601541996002,-0.03510211408138275,0.1098870187997818,-1.4794622659683228,117.45164863706417,39.25509434497042,10.218629837036133
41800,0.3659385144710541,-2.837784767150879,0.13141344487667084,-0.05305090919137001,0.09735074639320374,-1.477124571800232,117.45164174652146,39.255094813884064,10.223403930664062
42000,0.30718690156936646,-2.476663827896118,0.13407167792320251,-0.049097269773483276,0.084170863032341,-1.477622389793396,117.45163561606273,39.255095107878226,10.221407890319824
42158,0.30718690156936646,-2.476663827896118,0.13407167792320251,-0.049097269773483276,0.084170863032341,-1.477622389793396,117.45163561606273,39.255095107878226,10.221407890319824
42200,0.32335853576660156,-2.164881467819214,0.1384776532649994,-0.04509909451007843,0.09266167134046555,-1.4755157232284546,117.4516301307904,39.25509546774345,10.223608016967773
42400,0.32144227623939514,-1.8201000690460205,0.14644181728363037,-0.07280921936035156,0.09375318884849548,-1.4789384603500366,117.45162547561388,39.25509592997776,10.223567962646484
42600,0.25574254989624023,-1.52077054977417,0.13094337284564972,-0.08802559971809387,0.05870407819747925,-1.4759557247161865,117.45162160363707,39.25509625411258,10.2128267288208
42748,0.25574254989624023,-1.52077054977417,0.13094337284564972,-0.08802559971809387,0.05870407819747925,-1.4759557247161865,117.45162160363707,39.25509625411258,10.2128267288208
42800,0.17837409675121307,-1.303831696510315,0.08746684342622757,-0.0703863576054573,0.03620344400405884,-1.475396752357483,117.45161835836072,39.255096390534966,10.196410179138184
43000,0.1358402669429779,-1.118942379951477,0.016623036935925484,-0.05363506078720093,0.04694852977991104,-1.4794024229049683,117.4516153760634,39.25509656033581,10.17924690246582
43158,0.1358402669429779,-1.118942379951477,0.016623036935925484,-0.05363506078720093,0.04694852977991104,-1.4794024229049683,117.4516153760634,39.25509656033581,10.17924690246582
43200,0.13915178179740906,-0.9392469525337219,0.001357034663669765,-0.0353207029402256,0.04257739707827568,-1.4764533042907715,117.4516128206986,39.25509667716768,10.181675910949707
43400,0.17128610610961914,-0.7900147438049316,0.004042237531393766,-0.02907959185540676,0.05469474568963051,-1.4795507192611694,117.45161051976766,39.25509688813589,10.19178581237793
43478,0.17128610610961914,-0.7900147438049316,0.004042237531393766,-0.02907959185540676,0.05469474568963051,-1.4795507192611694,117.45161051976766,39.25509688813589,10.19178581237793
43479,0.17128610610961914,-0.7900147438049316,0.004042237531393766,-0.02907959185540676,0.05469474568963051,-1.4795507192611694,117.45161051976766,39.25509688813589,10.19178581237793
43600,0.18291692435741425,-0.587191641330719,0.006170639302581549,-0.05253510922193527,0.06435643136501312,-1.4803370237350464,117.4516088012938,39.25509716575369,10.186366081237793
43748,0.18291692435741425,-0.587191641330719,0.006170639302581549,-0.05253510922193527,0.06435643136501312,-1.4803370237350464,117.4516088012938,39.25509716575369,10.186366081237793
43800,0.13288266956806183,-0.41877543926239014,-0.019352901726961136,-0.0653090626001358,0.03162690997123718,-1.4805666208267212,117.45160749157665,39.25509724419215,10.18320369720459
44000,0.11605913192033768,-0.34115883708000183,-0.00012599029287230223,-0.05992541462182999,0.00752395112067461,-1.478829026222229,117.45160636785434,39.25509739502639,10.191000938415527
44159,0.11605913192033768,-0.34115883708000183,-0.00012599029287230223,-0.05992541462182999,0.00752395112067461,-1.478829026222229,117.45160636785434,39.25509739502639,10.191000938415527
44200,0.08057445287704468,-0.27865543961524963,-0.009667898528277874,-0.055515073239803314,0.016329489648342133,-1.4781733751296997,117.45160532117715,39.255097420377645,10.179067611694336
44284,0.08057445287704468,-0.27865543961524963,-0.009667898528277874,-0.055515073239803314,0.016329489648342133,-1.4781733751296997,117.45160532117715,39.255097420377645,10.179067611694336
44284,0.08057445287704468,-0.27865543961524963,-0.009667898528277874,-0.055515073239803314,0.016329489648342133,-1.4781733751296997,117.45160532117715,39.255097420377645,10.179067611694336
44400,0.07891237735748291,-0.19802634418010712,-0.01680472493171692,-0.05507603660225868,0.023195933550596237,-1.4806691408157349,117.45160461096316,39.25509749407582,10.178638458251953
44438,0.07891237735748291,-0.19802634418010712,-0.01680472493171692,-0.05507603660225868,0.023195933550596237,-1.4806691408157349,117.45160461096316,39.25509749407582,10.178638458251953
44479,0.07891237735748291,-0.19802634418010712,-0.01680472493171692,-0.05507603660225868,0.023195933550596237,-1.4806691408157349,117.45160461096316,39.25509749407582,10.178638458251953
44479,0.07891237735748291,-0.19802634418010712,-0.01680472493171692,-0.05507603660225868,0.023195933550596237,-1.4806691408157349,117.45160461096316,39.25509749407582,10.178638458251953
44600,0.05732112005352974,-0.1237364113330841,-0.03442279249429703,-0.0569717213511467,0.016561659052968025,-1.4811193943023682,117.4516039682301,39.25509750762547,10.176605224609375
44748,0.05732112005352974,-0.1237364113330841,-0.03442279249429703,-0.0569717213511467,0.016561659052968025,-1.4811193943023682,117.4516039682301,39.25509750762547,10.176605224609375
44800,0.049604374915361404,-0.07599957287311554,-0.027441050857305527,-0.0497220978140831,0.005787071771919727,-1.4793994426727295,117.4516034897385,39.25509747054901,10.178215980529785
45000,0.0541977658867836,-0.04055481776595116,-0.0367434099316597,-0.05503563582897186,0.010418388061225414,-1.4799654483795166,117.45160308445416,39.255097547650514,10.174666404724121
45159,0.0541977658867836,-0.04055481776595116,-0.0367434099316597,-0.05503563582897186,0.010418388061225414,-1.4799654483795166,117.45160308445416,39.255097547650514,10.174666404724121
45200,0.04409533366560936,0.01052037626504898,-0.038663145154714584,-0.05390172079205513,0.010737627744674683,-1.4796562194824219,117.45160278080934,39.2550975747098,10.168716430664062
45400,0.038170911371707916,0.042802318930625916,-0.03981005772948265,-0.04241583123803139,0.005818502977490425,-1.4791094064712524,117.4516025797012,39.25509757433327,10.181856155395508
45600,0.04864514619112015,0.06894341111183167,-0.04820488393306732,-0.04416108503937721,0.002827621530741453,-1.480456829071045,117.45160240428955,39.25509762168429,10.166363716125488
45748,0.04864514619112015,0.06894341111183167,-0.04820488393306732,-0.04416108503937721,0.002827621530741453,-1.480456829071045,117.45160240428955,39.25509762168429,10.166363716125488
45800,0.06878503412008286,0.09493441879749298,-0.06600088626146317,-0.052547063678503036,-0.004299658816307783,-1.4785070419311523,117.45160242217185,39.25509778222193,10.168856620788574
46000,0.046583857387304306,0.07502970844507217,-0.05794907733798027,-0.07208999991416931,-0.01136106438934803,-1.4800353050231934,117.451602357687,39.255097870627544,10.167953491210938
46160,0.046583857387304306,0.07502970844507217,-0.05794907733798027,-0.07208999991416931,-0.01136106438934803,-1.4800353050231934,117.451602357687,39.255097870627544,10.167953491210938
46200,0.032132457941770554,0.0831642895936966,-0.04602934792637825,-0.06243814155459404,0.004438604693859816,-1.4813990592956543,117.45160232659094,39.255097902122436,10.176714897155762
46400,0.018626123666763306,0.1135750412940979,-0.026966633275151253,-0.056363992393016815,0.0038206595927476883,-1.4804668426513672,117.45160235218772,39.25509782574125,10.182856559753418
46600,0.021306294947862625,0.10378189384937286,-0.030427558347582817,-0.06628774851560593,-0.016325538977980614,-1.4775586128234863,117.45160244183187,39.25509783279893,10.180831909179688
46685,0.021306294947862625,0.10378189384937286,-0.030427558347582817,-0.06628774851560593,-0.016325538977980614,-1.4775586128234863,117.45160244183187,39.25509783279893,10.180831909179688
46685,0.021306294947862625,0.10378189384937286,-0.030427558347582817,-0.06628774851560593,-0.016325538977980614,-1.4775586128234863,117.45160244183187,39.25509783279893,10.180831909179688
46748,0.021306294947862625,0.10378189384937286,-0.030427558347582817,-0.06628774851560593,-0.016325538977980614,-1.4775586128234863,117.45160244183187,39.25509783279893,10.180831909179688
46800,0.014257135801017284,0.07971812784671783,-0.028673171997070312,-0.05963926017284393,-0.0020225413609296083,-1.479528546333313,117.45160247993907,39.25509792811216,10.183578491210938
47000,-0.002173779997974634,0.08328928798437119,0.004927569068968296,-0.04957045987248421,0.01554886158555746,-1.4825900793075562,117.45160239069921,39.25509778468575,10.194540977478027
47160,-0.002173779997974634,0.08328928798437119,0.004927569068968296,-0.04957045987248421,0.01554886158555746,-1.4825900793075562,117.45160239069921,39.25509778468575,10.194540977478027
47200,0.02853185310959816,0.11236171424388885,0.01801738142967224,-0.04062291607260704,0.007146910764276981,-1.4806805849075317,117.45160239954345,39.25509777282412,10.199782371520996
47400,0.04901990666985512,0.11545221507549286,0.005629763472825289,-0.05379742383956909,0.0015398620162159204,-1.478804588317871,117.45160243711346,39.255097830325106,10.198262214660645
47600,0.05038844794034958,0.12231816351413727,0.009460868313908577,-0.06799484044313431,0.0021484747994691133,-1.4785950183868408,117.45160250929065,39.25509778987169,10.194253921508789
47748,0.05038844794034958,0.12231816351413727,0.009460868313908577,-0.06799484044313431,0.0021484747994691133,-1.4785950183868408,117.45160250929065,39.25509778987169,10.194253921508789
47800,0.04083837941288948,0.11329949647188187,0.01520999800413847,-0.06630092859268188,-0.009025280363857746,-1.4770145416259766,117.45160275210017,39.255097905131954,10.20156478881836
47930,0.04083837941288948,0.11329949647188187,0.01520999800413847,-0.06630092859268188,-0.009025280363857746,-1.4770145416259766,117.45160275210017,39.255097905131954,10.20156478881836
48000,0.05473298579454422,0.08232269436120987,0.08282103389501572,-0.06480083614587784,-0.012943124398589134,-1.4768157005310059,117.45160264536567,39.25509787231284,10.19815444946289
48161,0.05473298579454422,0.08232269436120987,0.08282103389501572,-0.06480083614587784,-0.012943124398589134,-1.4768157005310059,117.45160264536567,39.25509787231284,10.19815444946289
48200,0.05783722922205925,0.093362957239151,1.0574783086776733,-0.05734513700008392,0.02142891101539135,-1.4761706590652466,117.4516027973293,39.25509797712028,10.089710235595703
48400,0.059012521058321,0.12788257002830505,1.8218809366226196,-0.011467252857983112,0.005424433387815952,-1.4836784601211548,117.4516028980772,39.255097905581245,9.815934181213379
48600,0.017847327515482903,0.1227070763707161,1.901296615600586,-0.08300644904375076,-0.004151154309511185,-1.4882032871246338,117.45160313990095,39.25509785051771,9.502152442932129
48748,0.017847327515482903,0.1227070763707161,1.901296615600586,-0.08300644904375076,-0.004151154309511185,-1.4882032871246338,117.45160313990095,39.25509785051771,9.502152442932129
48800,0.04414747282862663,0.05147562175989151,1.9542442560195923,-0.06613733619451523,-0.02653140388429165,-1.4845447540283203,117.45160310050338,39.25509787807358,9.169697761535645
48847,0.04414747282862663,0.05147562175989151,1.9542442560195923,-0.06613733619451523,-0.02653140388429165,-1.4845447540283203,117.45160310050338,39.25509787807358,9.169697761535645
48847,0.04414747282862663,0.05147562175989151,1.9542442560195923,-0.06613733619451523,-0.02653140388429165,-1.4845447540283203,117.45160310050338,39.25509787807358,9.169697761535645
49000,0.015648461878299713,0.026438478380441666,2.0046019554138184,-0.050854332745075226,-0.0010405374923720956,-1.4811285734176636,117.45160287433565,39.2550978780563,8.825194358825684
49161,0.015648461878299713,0.026438478380441666,2.0046019554138184,-0.050854332745075226,-0.0010405374923720956,-1.4811285734176636,117.45160287433565,39.2550978780563,8.825194358825684
49200,0.04221729189157486,0.07728218287229538,2.002596855163574,-0.03128931298851967,0.04376913979649544,-1.4845043420791626,117.45160264779132,39.2550978499038,8.476794242858887
49400,0.014049543999135494,0.13551004230976105,1.9957722425460815,-0.0803765058517456,0.012676808051764965,-1.4796019792556763,117.45160277378157,39.255097843015285,8.131265640258789
49600,-0.06859554350376129,0.12711219489574432,1.9526259899139404,-0.05797925591468811,-0.049082741141319275,-1.470471739768982,117.45160308602696,39.255097669809295,7.785834789276123
49800,-0.03592943772673607,0.11957362294197083,1.922474980354309,-0.060178060084581375,-0.02862679958343506,-1.481149435043335,117.45160330959736,39.25509743493138,7.445680141448975
50000,0.07721102982759476,-0.05437185987830162,1.8652104139328003,0.018994102254509926,-0.08673404902219772,-1.4635876417160034,117.45160323014873,39.2550974278064,7.076115608215332
50163,0.07721102982759476,-0.05437185987830162,1.8652104139328003,0.018994102254509926,-0.08673404902219772,-1.4635876417160034,117.45160323014873,39.2550974278064,7.076115608215332
50200,0.29669466614723206,-0.19021235406398773,1.8436630964279175,0.03734602779150009,-0.06130453199148178,-1.4737831354141235,117.45160290285098,39.25509770848192,6.755367279052734
50400,0.37706080079078674,-0.2612113654613495,1.793758511543274,-0.06664586812257767,-0.014827239327132702,-1.4887086153030396,117.45160219859592,39.25509839087761,6.413381099700928
50600,0.3048728108406067,-0.27162137627601624,1.736967921257019,-0.07413840293884277,-0.01280332263559103,-1.4720594882965088,117.45160140914929,39.25509884160318,6.073070049285889
50800,0.24968232214450836,-0.3020956516265869,1.6812999248504639,-0.0620696060359478,-0.022318370640277863,-1.4818542003631592,117.45160078546154,39.25509911295729,5.7377214431762695
51000,0.2211412638425827,-0.30238214135169983,1.5781630277633667,-0.03494250029325485,-0.010876062326133251,-1.4770681858062744,117.45159981764039,39.25509932961348,5.387776851654053
51162,0.2211412638425827,-0.30238214135169983,1.5781630277633667,-0.03494250029325485,-0.010876062326133251,-1.4770681858062744,117.45159981764039,39.25509932961348,5.387776851654053
51200,0.2469877153635025,-0.2839093506336212,1.5541919469833374,-0.04420718923211098,-0.010173660703003407,-1.4793368577957153,117.45159894463038,39.255099629524814,5.068596363067627
51400,0.20697304606437683,-0.25429242849349976,1.474554181098938,-0.05109309032559395,-0.0015348074957728386,-1.4800328016281128,117.45159815949788,39.255099917726405,4.736733913421631
51600,0.21422545611858368,-0.22627988457679749,1.472079873085022,-0.040889400988817215,-0.006628197152167559,-1.4756890535354614,117.45159737573881,39.25510016737724,4.424192905426025
51800,0.18786980211734772,-0.20032724738121033,1.402543067932129,-0.07127107679843903,-0.006751905661076307,-1.486412763595581,117.45159681734447,39.255100632328215,4.090744972229004
52000,0.1741272360086441,-0.16164425015449524,1.4252638816833496,-0.03945688158273697,0.010988171212375164,-1.4726181030273438,117.4515962910984,39.25510082020981,3.806894302368164
52163,0.1741272360086441,-0.16164425015449524,1.4252638816833496,-0.03945688158273697,0.010988171212375164,-1.4726181030273438,117.4515962910984,39.25510082020981,3.806894302368164
52200,0.2028692662715912,-0.1391824632883072,1.4828131198883057,-0.016646619886159897,-0.009364072233438492,-1.476895809173584,117.45159569319019,39.25510102528904,3.508944511413574
52400,0.18885380029678345,-0.12541767954826355,1.5011883974075317,-0.07527382671833038,-0.013554008677601814,-1.479398250579834,117.45159529105145,39.25510119169292,3.2079286575317383
52600,0.13255928456783295,-0.16199851036071777,1.4768345355987549,-0.04837273061275482,-0.031247122213244438,-1.4818167686462402,117.45159486885396,39.255101233591525,2.8991758823394775
52748,0.13255928456783295,-0.16199851036071777,1.4768345355987549,-0.04837273061275482,-0.031247122213244438,-1.4818167686462402,117.45159486885396,39.255101233591525,2.8991758823394775
52800,0.12244509160518646,-0.18703415989875793,1.433172345161438,-0.026518333703279495,0.012043514288961887,-1.4815597534179688,117.45159422631473,39.25510129831935,2.586061954498291
53000,0.1309734582901001,-0.09830925613641739,1.2570958137512207,-0.028569085523486137,0.0373409129679203,-1.4771395921707153,117.45159377098872,39.25510149093032,2.2999815940856934
53163,0.1309734582901001,-0.09830925613641739,1.2570958137512207,-0.028569085523486137,0.0373409129679203,-1.4771395921707153,117.45159377098872,39.25510149093032,2.2999815940856934
53200,0.13677076995372772,-0.00648117158561945,1.0825872421264648,-0.02977239340543747,0.0029021373484283686,-1.4701519012451172,117.45159362735983,39.255101643865494,2.0474600791931152
53400,0.14208848774433136,-0.033022649586200714,0.9387704133987427,-0.023037945851683617,-0.027242770418524742,-1.4706343412399292,117.45159351956755,39.255101660209114,1.8246276378631592
53600,0.17478443682193756,-0.07483355700969696,0.7717700004577637,-0.02619168534874916,0.008604378439486027,-1.4780045747756958,117.4515930875622,39.255101761724184,1.6146188974380493
53748,0.17478443682193756,-0.07483355700969696,0.7717700004577637,-0.02619168534874916,0.008604378439486027,-1.4780045747756958,117.4515930875622,39.255101761724184,1.6146188974380493
53800,0.18289059400558472,-0.012582520954310894,0.5764442086219788,-0.031683336943387985,0.034678924828767776,-1.393333911895752,117.45159277232628,39.25510189488421,1.4430798292160034
54000,0.13092657923698425,0.02701895870268345,0.4094451069831848,-0.05250013619661331,-0.008262569084763527,-1.3931843042373657,117.45159283716004,39.25510193194339,1.3122754096984863
54164,0.13092657923698425,0.02701895870268345,0.4094451069831848,-0.05250013619661331,-0.008262569084763527,-1.3931843042373657,117.45159283716004,39.25510193194339,1.3122754096984863
54200,0.10790803283452988,0.01695762388408184,0.4240823984146118,-0.037166740745306015,-0.005614605266600847,-1.392734408378601,117.4515928556183,39.255101981151604,1.2045401334762573
54400,0.1196897029876709,0.023553665727376938,0.43881338834762573,-0.024256113916635513,-0.004177764989435673,-1.3945306539535522,117.45159282052379,39.255102004943076,1.106357455253601
54600,0.1344814896583557,0.0227113775908947,0.4179985225200653,-0.026205938309431076,-0.012197254225611687,-1.3943846225738525,117.45159276533728,39.25510209968969,1.0131233930587769
54800,0.1548207849264145,0.010110937058925629,0.37247973680496216,-0.050102245062589645,-0.00585609395056963,-1.3937546014785767,117.45159271291426,39.255102450138914,0.9278921484947205
55000,0.12612175941467285,0.0004118898359593004,0.3023308217525482,-0.047577153891325,0.004744104575365782,-1.3956660032272339,117.45159248840793,39.25510266644495,0.8664191365242004
55163,0.12612175941467285,0.0004118898359593004,0.3023308217525482,-0.047577153891325,0.004744104575365782,-1.3956660032272339,117.45159248840793,39.25510266644495,0.8664191365242004
55164,0.12612175941467285,0.0004118898359593004,0.3023308217525482,-0.047577153891325,0.004744104575365782,-1.3956660032272339,117.45159248840793,39.25510266644495,0.8664191365242004
55200,0.08000336587429047,0.023637033998966217,0.3206052780151367,-0.05895506963133812,-0.0009053327376022935,-1.3899574279785156,117.45159254394332,39.2551027381868,0.8108265995979309
55400,0.059172000735998154,0.025386987254023552,0.32234588265419006,-0.0340958833694458,0.003519410965964198,-1.3850195407867432,117.45159244259177,39.255102825471006,0.7470704913139343
55600,0.02599979192018509,0.03501291945576668,0.32319536805152893,0.0008773115114308894,-0.00857048761099577,-1.3848363161087036,117.45159257865018,39.25510245449903,0.6828536987304688
55748,0.02599979192018509,0.03501291945576668,0.32319536805152893,0.0008773115114308894,-0.00857048761099577,-1.3848363161087036,117.45159257865018,39.25510245449903,0.6828536987304688
55800,0,0,0,-0.0025436771102249622,0.060408949851989746,-1.3695051670074463,117.45159263084614,39.25510219056276,0
56000,0,0,0,-0.010173682123422623,0.11006578803062439,-1.408268690109253,117.45158483333421,39.25509800000135,0
56164,0,0,0,-0.010173682123422623,0.11006578803062439,-1.408268690109253,117.45158483333421,39.25509800000135,0
56200,0,0,0,-0.01023179292678833,0.10974974930286407,-1.40813410282135,117.45158483333421,39.25509833333479,0
56279,0,0,0,-0.01023179292678833,0.10974974930286407,-1.40813410282135,117.45158483333421,39.25509833333479,0
56279,0,0,0,-0.01023179292678833,0.10974974930286407,-1.40813410282135,117.45158483333421,39.25509833333479,0
56400,0,0,0,-0.009445191361010075,0.1059953048825264,-1.4081392288208008,117.45158483333421,39.25509833333479,0
56600,0,0,0,-0.008310236036777496,0.09988365322351456,-1.4080311059951782,117.45158483333421,39.25509816666807,0
56748,0,0,0,-0.008310236036777496,0.09988365322351456,-1.4080311059951782,117.45158483333421,39.25509816666807,0
56800,0,0,0,-0.006233560852706432,0.09111776202917099,-1.407881259918213,117.45158483333421,39.25509816666807,0
57000,0,0,0,-0.005524602252990007,0.08897972851991653,-1.4077889919281006,117.45158500000132,39.25509816666807,0
57164,0,0,0,-0.005524602252990007,0.08897972851991653,-1.4077889919281006,117.45158500000132,39.25509816666807,0
57200,0,0,0,-0.0055106282234191895,0.08814195543527603,-1.4078032970428467,117.45158500000132,39.25509816666807,0
57400,0,0,0,-0.005348995327949524,0.08776387572288513,-1.4077802896499634,117.45158500000132,39.25509800000135,0
57600,0,0,0,-0.005295753479003906,0.08752352744340897,-1.4077895879745483,117.45158500000132,39.25509800000135,0
57748,0,0,0,-0.005295753479003906,0.08752352744340897,-1.4077895879745483,117.45158500000132,39.25509800000135,0
57800,0,0,0,-0.005359590519219637,0.08730225265026093,-1.4078106880187988,117.45158500000132,39.255097833333714,0
58000,0,0,0,-0.00533500500023365,0.08718947321176529,-1.4078152179718018,117.45158500000132,39.2550976666679,0
58200,0,0,0,-0.005314980633556843,0.08699259907007217,-1.4077768325805664,117.45158483333421,39.2550976666679,0
58400,0,0,0,-0.005260278470814228,0.08703341335058212,-1.4078092575073242,117.45158483333421,39.25509750000209,0
58420,0,0,0,-0.005260278470814228,0.08703341335058212,-1.4078092575073242,117.45158483333421,39.25509750000209,0
58432,0,0,0,-0.005245165433734655,0.08700712025165558,-1.4078090190887451,117.45158483333421,39.25509750000209,0
